# doc = kitten.2.txt;;;;;;;;;;;;;;;;;1
# speaker = Алина;;;;;;;;;;;;;;;;;2
# sent = 905;;;;;;;;;;;;;;;;;3
;Так;ТАК;INTJ;;y;_Так_ , тут котёнок;к;а;т;;;;ADV;ТАК;ADV -;К;4
;,;,;PUNCT;;;;;;;;;;PUNCT;;;;5
;тут;ТУТ;ADV -;;y;Так , _тут_ котёнок , я;т;у;т;;;;ADV;ТУТ;ADV -;Т;6
;котёнок;КОТЕНОК;S m anim nom sg;;y;Так , тут _котёнок_ , я вижу;к;о;н;ё;т;о;S;КОТЕНОК;S m anim nom sg;К;7
;,;,;PUNCT;;;;;;;;;;PUNCT;;;;8
;я;Я;SPRO sg 1p - nom;;y;тут котёнок , _я_ вижу котёнка .;я;;;;;;SPRO;Я;SPRO sg 1p - nom;Я;9
;вижу;ВИДЕТЬ;V ipf praes sg indic - 1p;;y;котёнок , я _вижу_ котёнка .;у;ж;и;в;;;V;ВИДЕТЬ;V ipf praes sg indic - 1p;Ь;10
;котёнка;КОТЕНОК;S m anim acc sg;;y;, я вижу _котёнка_ .;а;к;н;ё;т;о;S;КОТЕНОК;S m anim acc sg;К;11
;.;.;PUNCT;;;;;;;;;;PUNCT;;;;12
;;;;;;;;;;;;;;;;;13
# sent = 906;;;;;;;;;;;;;;;;;14
;Он;ОН;SPRO sg 3p m nom;;y;. _Он_ светленький , он;н;о;;;;;SPRO;ОН;SPRO sg 3p m nom;Н;15
;светленький;СВЕТЛЕНЬКИЙ;A - nom sg plen m -;;y;Он _светленький_ , он похож;й;и;к;ь;н;е;A;СВЕТЛЕНЬКИЙ;A - nom sg plen m -;Й;16
;,;,;PUNCT;;;;;;;;;;PUNCT;;;;17
;он;ОН;SPRO sg 3p m nom;;y;Он светленький , _он_ похож на Мэйсона;н;о;;;;;SPRO;ОН;SPRO sg 3p m nom;Н;18
;похож;ПОХОЖИЙ;A - - sg brev m -;;y;светленький , он _похож_ на Мэйсона ,;ж;о;х;о;п;;A;ПОХОЖИЙ;A - - sg brev m -;Й;19
;на;НА;PR;;y;, он похож _на_ Мэйсона , но;а;н;;;;;PR;НА;PR;А;20
;Мэйсона;МЭЙСОН;S m inan nom sg zoon;;y;он похож на _Мэйсона_ , но не;а;н;о;с;й;э;S;МЭЙСОН;S m inan gen sg;Н;21
;,;,;PUNCT;;;;;;;;;;PUNCT;;;;22
;но;НО;CONJ;;y;на Мэйсона , _но_ не очень .;о;н;;;;;CONJ;НО;CONJ;О;23
;не;НЕ;PART;;y;Мэйсона , но _не_ очень .;е;н;;;;;PART;НЕ;PART;Е;24
;очень;ОЧЕНЬ;ADV -;;y;, но не _очень_ .;ь;н;е;ч;о;;ADV;ОЧЕНЬ;ADV -;Ь;25
;.;.;PUNCT;;;;;;;;;;PUNCT;;;;26
;;;;;;;;;;;;;;;;;27
# sent = 907;;;;;;;;;;;;;;;;;28
;С;С;PR;;y;. _С_ ним что-то не;с;;;;;;PR;С;PR;С;29
;ним;ОН;SPRO sg 3p m ins;;y;С _ним_ что-то не так;м;и;н;;;;SPRO;ОН;SPRO sg 3p m ins;Н;30
;что-то;ЧТО-ТО;SPRO n inan nom sg;;y;С ним _что-то_ не так ,;о;т;-;о;т;ч;SPRO;ЧТО-ТО;S n - nom sg;О;31
;не;НЕ;PART;;y;С ним что-то _не_ так , к;е;н;;;;;PART;НЕ;PART;Е;32
;так;ТАК;INTJ;;y;ним что-то не _так_ , к нему;к;а;т;;;;ADV;ТАК;ADV -;К;33
;,;,;PUNCT;;;;;;;;;;PUNCT;;;;34
;к;К;PR;;Y;не так , _к_ нему идёт человек;к;;;;;;PR;К;PR;К;35
;нему;ОН;SPRO sg 3p m gen;;y;так , к _нему_ идёт человек .;у;м;е;н;;;SPRO;ОН;SPRO sg 3p m dat;Н;36
;идёт;ИДТИ;V ipf praes sg indic - 3p;;y;, к нему _идёт_ человек .;т;ё;д;и;;;V;ИДТИ;V ipf praes sg indic - 3p;И;37
;человек;ЧЕЛОВЕК;S m anim nom sg;;y;к нему идёт _человек_ .;к;е;в;о;л;е;S;ЧЕЛОВЕК;S m anim nom sg;К;38
;.;.;PUNCT;;;;;;;;;;PUNCT;;;;39
;;;;;;;;;;;;;;;;;40
# sent = 908;;;;;;;;;;;;;;;;;41
# speaker = Алина;;;;;;;;;;;;;;;;;42
# sent = 909;;;;;;;;;;;;;;;;;43
;Котёнок;КОТЕНОК;S m anim nom sg;;y;_Котёнок_ шипит , человек;к;о;н;ё;т;о;S;КОТЕНОК;S m anim nom sg;К;44
;шипит;ШИПЕТЬ;V ipf praes sg indic - 3p;;y;Котёнок _шипит_ , человек хочет;т;и;п;и;ш;;V;ШИПЕТЬ;V ipf praes sg indic - 3p;Ь;45
;,;,;PUNCT;;;;;;;;;;PUNCT;;;;46
;человек;ЧЕЛОВЕК;S m anim nom sg;;y;Котёнок шипит , _человек_ хочет что то;к;е;в;о;л;е;S;ЧЕЛОВЕК;S m anim nom sg;К;47
;хочет;ХОТЕТЬ;V ipf praes sg indic - 3p;;y;шипит , человек _хочет_ что то сделать;т;е;ч;о;х;;V;ХОТЕТЬ;V ipf praes sg indic - 3p;Ь;48
;что;ЧТО;SPRO n inan nom sg;;y;, человек хочет _что_ то сделать с;о;т;ч;;;;CONJ;ЧТО;CONJ;О;49
;то;ТО;SPRO - nom sg n acc -;;y;человек хочет что _то_ сделать с котёнком;о;т;;;;;PART;ТО;PART;О;50
;сделать;СДЕЛАТЬ;V pf - - inf - -;;y;хочет что то _сделать_ с котёнком .;ь;т;а;л;е;д;V;СДЕЛАТЬ;V pf - - inf - -;Ь;51
;с;С;PR;;y;что то сделать _с_ котёнком .;с;;;;;;PR;С;PR;С;52
;котёнком;КОТЕНОК;S m anim ins sg;;y;то сделать с _котёнком_ .;м;о;к;н;ё;т;S;КОТЕНОК;S m anim ins sg;К;53
;.;.;PUNCT;;;;;;;;;;PUNCT;;;;54
;;;;;;;;;;;;;;;;;55
# sent = 910;;;;;;;;;;;;;;;;;56
# speaker = Алина;;;;;;;;;;;;;;;;;57
# sent = 911;;;;;;;;;;;;;;;;;58
;У;У;PR;;y;_У_ котёнка застряла лапа;у;;;;;;PR;У;PR;У;59
;котёнка;КОТЕНОК;S m anim acc sg;;y;У _котёнка_ застряла лапа !;а;к;н;ё;т;о;S;КОТЕНОК;S m anim acc sg;К;60
;застряла;ЗАСТРЯТЬ;V pf praet sg indic m -;;y;У котёнка _застряла_ лапа !;а;л;я;р;т;с;V;ЗАСТРЯТЬ;V pf praet sg indic f -;Ь;61
;лапа;ЛАПА;S f inan acc sg;;y;У котёнка застряла _лапа_ !;а;п;а;л;;;S;ЛАПА;S f inan nom sg;А;62
;!;!;PUNCT;;;;;;;;;;PUNCT;;;;63
;;;;;;;;;;;;;;;;;64
# sent = 912;;;;;;;;;;;;;;;;;65
;И;И;CONJ;;y;! _И_ он ругается на;и;;;;;;CONJ;И;CONJ;И;66
;он;ОН;SPRO sg 3p m nom;;y;И _он_ ругается на человека;н;о;;;;;SPRO;ОН;SPRO sg 3p m nom;Н;67
;ругается;РУГАТЬСЯ;V ipf praes sg indic - 3p;;y;И он _ругается_ на человека .;я;с;т;е;а;г;V;РУГАТЬСЯ;V ipf praes sg indic - 3p;Я;68
;на;НА;PR;;y;И он ругается _на_ человека .;а;н;;;;;PR;НА;PR;А;69
;человека;ЧЕЛОВЕК;S m anim nom sg;;y;он ругается на _человека_ .;а;к;е;в;о;л;S;ЧЕЛОВЕК;S m anim gen sg;К;70
;.;.;PUNCT;;;;;;;;;;PUNCT;;;;71
;;;;;;;;;;;;;;;;;72
# sent = 913;;;;;;;;;;;;;;;;;73
;Но;НО;CONJ;;y;. _Но_ он не может;о;н;;;;;CONJ;НО;CONJ;О;74
;он;ОН;SPRO sg 3p m nom;;y;Но _он_ не может уйти;н;о;;;;;SPRO;ОН;SPRO sg 3p m nom;Н;75
;не;НЕ;PART;;y;Но он _не_ может уйти и;е;н;;;;;PART;НЕ;PART;Е;76
;может;МОЧЬ;V ipf praes sg indic - 3p;;y;Но он не _может_ уйти и он;т;е;ж;о;м;;V;МОЧЬ;V ipf praes sg indic - 3p;Ь;77
;уйти;УЙТИ;V pf - - inf - -;;y;он не может _уйти_ и он шипит;и;т;й;у;;;V;УЙТИ;V pf - - inf - -;И;78
;и;И;CONJ;;y;не может уйти _и_ он шипит .;и;;;;;;CONJ;И;CONJ;И;79
;он;ОН;SPRO sg 3p m nom;;y;может уйти и _он_ шипит .;н;о;;;;;SPRO;ОН;SPRO sg 3p m nom;Н;80
;шипит;ШИПЕТЬ;V ipf praes sg indic - 3p;;y;уйти и он _шипит_ .;т;и;п;и;ш;;V;ШИПЕТЬ;V ipf praes sg indic - 3p;Ь;81
;.;.;PUNCT;;;;;;;;;;PUNCT;;;;82
;;;;;;;;;;;;;;;;;83
# sent = 914;;;;;;;;;;;;;;;;;84
# speaker = Алина;;;;;;;;;;;;;;;;;85
# sent = 915;;;;;;;;;;;;;;;;;86
;Бедный;БЕДНЫЙ;A - nom sg plen m -;;y;_Бедный_ котёнок .;й;ы;н;д;е;б;A;БЕДНЫЙ;A - nom sg plen m -;Й;87
;котёнок;КОТЕНОК;S m anim nom sg;;y;Бедный _котёнок_ .;к;о;н;ё;т;о;S;КОТЕНОК;S m anim nom sg;К;88
;.;.;PUNCT;;;;;;;;;;PUNCT;;;;89
;;;;;;;;;;;;;;;;;90
# sent = 916;;;;;;;;;;;;;;;;;91
# speaker = Алина;;;;;;;;;;;;;;;;;92
# sent = 917;;;;;;;;;;;;;;;;;93
"<distinct form=""";;;;;;;;;;;;;;;;;94
<dist>;о;;;;;;;;;;;;;;;;95
""">";;;;;;;;;;;;;;;;;96
;Вот;ВОТ;PART;;y;о _Вот_ , тут;т;о;в;;;;PART;ВОТ;PART;Т;97
</distinct>;;;;;;;;;;;;;;;;;98
;,;,;PUNCT;;;;;;;;;;PUNCT;;;;99
;тут;ТУТ;ADV -;;y;Вот , _тут_ ещё одна кошка;т;у;т;;;;ADV;ТУТ;ADV -;Т;100
;ещё;ЕЩЕ;ADV -;;Y;, тут _ещё_ одна кошка .;ё;щ;е;;;;ADV;ЕЩЕ;ADV -;Е;101
;одна;ОДИН;ANUM - nom sg plen f -;;y;, тут ещё _одна_ кошка .;а;н;д;о;;;ANUM;ОДИН;A - nom sg plen f -;Н;102
;кошка;КОШКА;S f anim nom sg;;y;тут ещё одна _кошка_ .;а;к;ш;о;к;;S;КОШКА;S f anim nom sg;А;103
;.;.;PUNCT;;;;;;;;;;PUNCT;;;;104
;;;;;;;;;;;;;;;;;105
# sent = 918;;;;;;;;;;;;;;;;;106
;Она;ОНА;SPRO sg 3p f nom;;y;. _Она_ тоже рычит ,;а;н;о;;;;SPRO;ОНА;SPRO sg 3p f nom;А;107
;тоже;ТОЖЕ;PART;;y;Она _тоже_ рычит , она;е;ж;о;т;;;PART;ТОЖЕ;PART;Е;108
;рычит;РЫЧАТЬ;V ipf praes sg indic - 3p;;y;Она тоже _рычит_ , она рычит;т;и;ч;ы;р;;V;РЫЧАТЬ;V ipf praes sg indic - 3p;Ь;109
;,;,;PUNCT;;;;;;;;;;PUNCT;;;;110
;она;ОНА;SPRO sg 3p f nom;;y;тоже рычит , _она_ рычит как мой;а;н;о;;;;SPRO;ОНА;SPRO sg 3p f nom;А;111
;рычит;РЫЧАТЬ;V ipf praes sg indic - 3p;;y;рычит , она _рычит_ как мой кот;т;и;ч;ы;р;;V;РЫЧАТЬ;V ipf praes sg indic - 3p;Ь;112
;как;КАК;CONJ;;Н;, она рычит _как_ мой кот .;к;а;к;;;;CONJ;КАК;CONJ;К;113
;мой;МОЙ;APRO - nom sg plen m -;;y;она рычит как _мой_ кот .;й;о;м;;;;APRO;МОЙ;A - nom sg plen m -;Й;114
;кот;КОТ;S m anim nom pl;;y;рычит как мой _кот_ .;т;о;к;;;;S;КОТ;S m anim nom sg;Т;115
;.;.;PUNCT;;;;;;;;;;PUNCT;;;;116
;;;;;;;;;;;;;;;;;117
# sent = 919;;;;;;;;;;;;;;;;;118
;Но;НО;CONJ;;y;. _Но_ не очень :;о;н;;;;;CONJ;НО;CONJ;О;119
;не;НЕ;PART;;y;Но _не_ очень : мой;е;н;;;;;PART;НЕ;PART;Е;120
;очень;ОЧЕНЬ;ADV -;;y;Но не _очень_ : мой так;ь;н;е;ч;о;;ADV;ОЧЕНЬ;ADV -;Ь;121
;:;:;PUNCT;;;;;;;;;;PUNCT;;;;122
;мой;МОЙ;APRO - nom sg plen m -;;y;не очень : _мой_ так часто не;й;о;м;;;;APRO;МОЙ;A - nom sg plen m -;Й;123
;так;ТАК;ADV -;;y;очень : мой _так_ часто не рычит;к;а;т;;;;ADV;ТАК;ADV -;К;124
;часто;ЧАСТО;ADV -;;y;: мой так _часто_ не рычит .;о;т;с;а;ч;;ADV;ЧАСТО;ADV -;О;125
;не;НЕ;PART;;y;мой так часто _не_ рычит .;е;н;;;;;PART;НЕ;PART;Е;126
;рычит;РЫЧАТЬ;V ipf praes sg indic - 3p;;y;так часто не _рычит_ .;т;и;ч;ы;р;;V;РЫЧАТЬ;V ipf praes sg indic - 3p;Ь;127
;.;.;PUNCT;;;;;;;;;;PUNCT;;;;128
;;;;;;;;;;;;;;;;;129
# sent = 920;;;;;;;;;;;;;;;;;130
# speaker = Алина;;;;;;;;;;;;;;;;;131
# sent = 921;;;;;;;;;;;;;;;;;132
;Бедненький;БЕДНЕНЬКИЙ;A - nom sg plen m -;;y;_Бедненький_ .;й;и;к;ь;н;е;A;БЕДНЕНЬКИЙ;A - nom sg plen m -;Й;133
;.;.;PUNCT;;;;;;;;;;PUNCT;;;;134
;;;;;;;;;;;;;;;;;135
# sent = 922;;;;;;;;;;;;;;;;;136
;Кошка;КОШКА;S f anim nom sg;;y;. _Кошка_ убежала .;а;к;ш;о;к;;S;КОШКА;S f anim nom sg;А;137
;убежала;УБЕЖАТЬ;V pf praet sg indic m -;;y;Кошка _убежала_ .;а;л;а;ж;е;б;V;УБЕЖАТЬ;V pf praet sg indic f -;Ь;138
;.;.;PUNCT;;;;;;;;;;PUNCT;;;;139
;;;;;;;;;;;;;;;;;140
# sent = 923;;;;;;;;;;;;;;;;;141
# speaker = Мария;;;;;;;;;;;;;;;;;142
# sent = 924;;;;;;;;;;;;;;;;;143
;Описывай;ОПИСЫВАТЬ;V ipf - sg imper - 2p;;y;_Описывай_ , описывай !;й;а;в;ы;с;и;V;ОПИСЫВАТЬ;V ipf - sg imper - 2p;Ь;144
;,;,;PUNCT;;;;;;;;;;PUNCT;;;;145
;описывай;ОПИСЫВАТЬ;V ipf - sg imper - 2p;;y;Описывай , _описывай_ !;й;а;в;ы;с;и;V;ОПИСЫВАТЬ;V ipf - sg imper - 2p;Ь;146
;!;!;PUNCT;;;;;;;;;;PUNCT;;;;147
;;;;;;;;;;;;;;;;;148
# sent = 925;;;;;;;;;;;;;;;;;149
;Что;ЧТО;SPRO n inan nom sg;;y;! _Что_ происходит на экране;о;т;ч;;;;SPRO;ЧТО;S n - nom sg;О;150
;происходит;ПРОИСХОДИТЬ;V ipf praes sg indic - 3p;;y;Что _происходит_ на экране ?;т;и;д;о;х;с;V;ПРОИСХОДИТЬ;V ipf praes sg indic - 3p;Ь;151
;на;НА;PR;;y;Что происходит _на_ экране ?;а;н;;;;;PR;НА;PR;А;152
;экране;ЭКРАН;S m inan loc sg;;y;Что происходит на _экране_ ?;е;н;а;р;к;э;S;ЭКРАН;S m inan loc sg;Н;153
;?;?;PUNCT;;;;;;;;;;PUNCT;;;;154
;;;;;;;;;;;;;;;;;155
# sent = 926;;;;;;;;;;;;;;;;;156
# speaker = Алина;;;;;;;;;;;;;;;;;157
# sent = 927;;;;;;;;;;;;;;;;;158
;Человек;ЧЕЛОВЕК;S m anim nom sg;;y;_Человек_ пытается спасти котёнка;к;е;в;о;л;е;S;ЧЕЛОВЕК;S m anim nom sg;К;159
;пытается;ПЫТАТЬСЯ;V ipf praes sg indic - 3p;;y;Человек _пытается_ спасти котёнка ,;я;с;т;е;а;т;V;ПЫТАТЬСЯ;V ipf praes sg indic - 3p;Я;160
;спасти;СПАСТИ;V pf - - inf - -;;Y;Человек пытается _спасти_ котёнка , или;и;т;с;а;п;с;V;СПАСТИ;V pf - - inf - -;И;161
;котёнка;КОТЕНОК;S m anim acc sg;;y;Человек пытается спасти _котёнка_ , или не;а;к;н;ё;т;о;S;КОТЕНОК;S m anim acc sg;К;162
;,;,;PUNCT;;;;;;;;;;PUNCT;;;;163
;или;ИЛИ;CONJ;;y;спасти котёнка , _или_ не спасти ,;и;л;и;;;;CONJ;ИЛИ;CONJ;И;164
;не;НЕ;PART;;y;котёнка , или _не_ спасти , я;е;н;;;;;PART;НЕ;PART;Е;165
;спасти;СПАСТИ;V pf - - inf - -;;Y;, или не _спасти_ , я не;и;т;с;а;п;с;V;СПАСТИ;V pf - - inf - -;И;166
;,;,;PUNCT;;;;;;;;;;PUNCT;;;;167
;я;Я;SPRO sg 1p - nom;;y;не спасти , _я_ не знаю ,;я;;;;;;SPRO;Я;SPRO sg 1p - nom;Я;168
;не;НЕ;PART;;y;спасти , я _не_ знаю , он;е;н;;;;;PART;НЕ;PART;Е;169
;знаю;ЗНАТЬ;V ipf praes sg indic - 1p;;y;, я не _знаю_ , он пытается;ю;а;н;з;;;V;ЗНАТЬ;V ipf praes sg indic - 1p;Ь;170
;,;,;PUNCT;;;;;;;;;;PUNCT;;;;171
;он;ОН;SPRO sg 3p m nom;;y;не знаю , _он_ пытается его тронуть;н;о;;;;;SPRO;ОН;SPRO sg 3p m nom;Н;172
;пытается;ПЫТАТЬСЯ;V ipf praes sg indic - 3p;;y;знаю , он _пытается_ его тронуть .;я;с;т;е;а;т;V;ПЫТАТЬСЯ;V ipf praes sg indic - 3p;Я;173
;его;ОН;SPRO sg 3p m acc;;y;, он пытается _его_ тронуть .;о;г;е;;;;SPRO;ОН;SPRO sg 3p m acc;Н;174
;тронуть;ТРОНУТЬ;V pf - - inf - -;;y;он пытается его _тронуть_ .;ь;т;у;н;о;р;V;ТРОНУТЬ;V pf - - inf - -;Ь;175
;.;.;PUNCT;;;;;;;;;;PUNCT;;;;176
;;;;;;;;;;;;;;;;;177
# sent = 928;;;;;;;;;;;;;;;;;178
# speaker = Алина;;;;;;;;;;;;;;;;;179
# sent = 929;;;;;;;;;;;;;;;;;180
;Кот;КОТ;S m anim nom pl;;y;_Кот_ .;т;о;к;;;;S;КОТ;S m anim nom sg;Т;181
;.;.;PUNCT;;;;;;;;;;PUNCT;;;;182
;;;;;;;;;;;;;;;;;183
# sent = 930;;;;;;;;;;;;;;;;;184
"<distinct form=""";;;;;;;;;;;;;;;;;185
<dist>;о;;;;;;;;;;;;;;;;186
""">";;;;;;;;;;;;;;;;;187
;Вот;ВОТ;PART;;y;о _Вот_ , ,;т;о;в;;;;PART;ВОТ;PART;Т;188
</distinct>;;;;;;;;;;;;;;;;;189
;,;,;PUNCT;;;;;;;;;;PUNCT;;;;190
;,;,;PUNCT;;;;;;;;;;PUNCT;;;;191
;он;ОН;SPRO sg 3p m nom;;y;, , _он_ схватил его за;н;о;;;;;SPRO;ОН;SPRO sg 3p m nom;Н;192
;схватил;СХВАТИТЬ;V pf praet sg indic m -;;y;, , он _схватил_ его за шкирку;л;и;т;а;в;х;V;СХВАТИТЬ;V pf praet sg indic m -;Ь;193
;его;ОН;SPRO sg 3p m acc;;y;, он схватил _его_ за шкирку ,;о;г;е;;;;SPRO;ОН;SPRO sg 3p m acc;Н;194
;за;ЗА;PR;;y;он схватил его _за_ шкирку , он;а;з;;;;;PR;ЗА;PR;А;195
;шкирку;ШКИРКА;S f inan acc sg;;y;схватил его за _шкирку_ , он тащит;у;к;р;и;к;ш;S;ШКИРКА;S f inan acc sg;А;196
;,;,;PUNCT;;;;;;;;;;PUNCT;;;;197
;он;ОН;SPRO sg 3p m nom;;y;за шкирку , _он_ тащит котёнка .;н;о;;;;;SPRO;ОН;SPRO sg 3p m nom;Н;198
;тащит;ТАЩИТЬ;V ipf praes sg indic - 3p;;y;шкирку , он _тащит_ котёнка .;т;и;щ;а;т;;V;ТАЩИТЬ;V ipf praes sg indic - 3p;Ь;199
;котёнка;КОТЕНОК;S m anim acc sg;;y;, он тащит _котёнка_ .;а;к;н;ё;т;о;S;КОТЕНОК;S m anim acc sg;К;200
;.;.;PUNCT;;;;;;;;;;PUNCT;;;;201
;;;;;;;;;;;;;;;;;202
# sent = 931;;;;;;;;;;;;;;;;;203
;У;У;PR;;y;. _У_ него ничего не;у;;;;;;PR;У;PR;У;204
;него;ОН;SPRO sg 3p m gen;;y;У _него_ ничего не получилось;о;г;е;н;;;SPRO;ОН;SPRO sg 3p m acc;Н;205
;ничего;НИЧТО;SPRO n inan gen sg;;y;У него _ничего_ не получилось ,;о;г;е;ч;и;н;SPRO;НИЧТО;S n - gen sg;О;206
;не;НЕ;PART;;y;У него ничего _не_ получилось , котёнок;е;н;;;;;PART;НЕ;PART;Е;207
;получилось;ПОЛУЧИТЬСЯ;V pf praet sg indic n -;;y;него ничего не _получилось_ , котёнок всё;ь;с;о;л;и;ч;V;ПОЛУЧИТЬСЯ;V pf praet sg indic n -;Я;208
;,;,;PUNCT;;;;;;;;;;PUNCT;;;;209
;котёнок;КОТЕНОК;S m anim nom sg;;y;не получилось , _котёнок_ всё ещё шипит;к;о;н;ё;т;о;S;КОТЕНОК;S m anim nom sg;К;210
;всё;ВСЕ;PART;;Y;получилось , котёнок _всё_ ещё шипит .;ё;с;в;;;;ADV;ВСЕ;ADV -;Е;211
;ещё;ЕЩЕ;ADV -;;Y;, котёнок всё _ещё_ шипит .;ё;щ;е;;;;ADV;ЕЩЕ;ADV -;Е;212
;шипит;ШИПЕТЬ;V ipf praes sg indic - 3p;;y;котёнок всё ещё _шипит_ .;т;и;п;и;ш;;V;ШИПЕТЬ;V ipf praes sg indic - 3p;Ь;213
;.;.;PUNCT;;;;;;;;;;PUNCT;;;;214
;;;;;;;;;;;;;;;;;215
# sent = 932;;;;;;;;;;;;;;;;;216
;Котёнок;КОТЕНОК;S m anim nom sg;;y;. _Котёнок_ шипит ещё сильнее;к;о;н;ё;т;о;S;КОТЕНОК;S m anim nom sg;К;217
;шипит;ШИПЕТЬ;V ipf praes sg indic - 3p;;y;Котёнок _шипит_ ещё сильнее .;т;и;п;и;ш;;V;ШИПЕТЬ;V ipf praes sg indic - 3p;Ь;218
;ещё;ЕЩЕ;ADV -;;Y;Котёнок шипит _ещё_ сильнее .;ё;щ;е;;;;ADV;ЕЩЕ;ADV -;Е;219
;сильнее;СИЛЬНО;ADV comp;;Y;Котёнок шипит ещё _сильнее_ .;е;е;н;ь;л;и;ADV;СИЛЬНО;ADV comp;О;220
;.;.;PUNCT;;;;;;;;;;PUNCT;;;;221
;;;;;;;;;;;;;;;;;222
# sent = 933;;;;;;;;;;;;;;;;;223
;Котёнок;КОТЕНОК;S m anim nom sg;;y;. _Котёнок_ вытащил лапу и;к;о;н;ё;т;о;S;КОТЕНОК;S m anim nom sg;К;224
;вытащил;ВЫТАЩИТЬ;V pf praet sg indic m -;;y;Котёнок _вытащил_ лапу и побежал;л;и;щ;а;т;ы;V;ВЫТАЩИТЬ;V pf praet sg indic m -;Ь;225
;лапу;ЛАПА;S f inan nom sg;;y;Котёнок вытащил _лапу_ и побежал .;у;п;а;л;;;S;ЛАПА;S f inan acc sg;А;226
;и;И;CONJ;;y;Котёнок вытащил лапу _и_ побежал .;и;;;;;;CONJ;И;CONJ;И;227
;побежал;ПОБЕЖАТЬ;V pf praet pl indic - -;;Y;вытащил лапу и _побежал_ .;л;а;ж;е;б;о;V;ПОБЕЖАТЬ;V pf praet sg indic m -;Ь;228
;.;.;PUNCT;;;;;;;;;;PUNCT;;;;229
;;;;;;;;;;;;;;;;;230
# sent = 934;;;;;;;;;;;;;;;;;231
"<distinct form=""";;;;;;;;;;;;;;;;;232
<dist>;о;;;;;;;;;;;;;;;;233
""">";;;;;;;;;;;;;;;;;234
;Вот;ВОТ;PART;;y;о _Вот_ , ,;т;о;в;;;;PART;ВОТ;PART;Т;235
</distinct>;;;;;;;;;;;;;;;;;236
;,;,;PUNCT;;;;;;;;;;PUNCT;;;;237
;,;,;PUNCT;;;;;;;;;;PUNCT;;;;238
;они;ОНИ;SPRO pl - - nom;;y;, , _они_ вдвоём куда то;и;н;о;;;;SPRO;ОНИ;SPRO pl - - nom;И;239
;вдвоём;ВДВОЕМ;ADV -;;y;, , они _вдвоём_ куда то побежали;м;ё;о;в;д;в;ADV;ВДВОЕМ;ADV -;М;240
;куда;КУДА;ADVPRO -;часть(куда-то);!!!;, они вдвоём _куда_ то побежали ,;а;д;у;к;;;ADV;КУДА;ADV -;А;241
;то;ТО;PART;часть (что-то);!!!;они вдвоём куда _то_ побежали , они;о;т;;;;;CONJ;ТО;CONJ;О;242
;побежали;ПОБЕЖАТЬ;V pf praet sg indic m -;;Y;вдвоём куда то _побежали_ , они убежали;и;л;а;ж;е;б;V;ПОБЕЖАТЬ;V pf praet pl indic - -;Ь;243
;,;,;PUNCT;;;;;;;;;;PUNCT;;;;244
;они;ОНИ;SPRO pl - - nom;;y;то побежали , _они_ убежали в подвал;и;н;о;;;;SPRO;ОНИ;SPRO pl - - nom;И;245
;убежали;УБЕЖАТЬ;V pf praet sg indic m -;;y;побежали , они _убежали_ в подвал .;и;л;а;ж;е;б;V;УБЕЖАТЬ;V pf praet pl indic - -;Ь;246
;в;В;PR;;y;, они убежали _в_ подвал .;в;;;;;;PR;В;PR;В;247
;подвал;ПОДВАЛ;S m inan acc sg;;y;они убежали в _подвал_ .;л;а;в;д;о;п;S;ПОДВАЛ;S m inan acc sg;Л;248
;.;.;PUNCT;;;;;;;;;;PUNCT;;;;249
;;;;;;;;;;;;;;;;;250
# sent = 935;;;;;;;;;;;;;;;;;251
# speaker = Алина;;;;;;;;;;;;;;;;;252
# sent = 936;;;;;;;;;;;;;;;;;253
;Тут;ТУТ;ADV -;;y;_Тут_ третья кошка .;т;у;т;;;;ADV;ТУТ;ADV -;Т;254
;третья;ТРЕТИЙ;ANUM - nom sg plen m -;;y;Тут _третья_ кошка .;я;ь;т;е;р;т;ANUM;ТРЕТИЙ;A - nom sg plen f -;Й;255
;кошка;КОШКА;S f anim nom sg;;y;Тут третья _кошка_ .;а;к;ш;о;к;;S;КОШКА;S f anim nom sg;А;256
;.;.;PUNCT;;;;;;;;;;PUNCT;;;;257
;;;;;;;;;;;;;;;;;258
# sent = 937;;;;;;;;;;;;;;;;;259
;Она;ОНА;SPRO sg 3p f nom;;y;. _Она_ красивая .;а;н;о;;;;SPRO;ОНА;SPRO sg 3p f nom;А;260
;красивая;КРАСИВЫЙ;A - nom pl plen - -;;y;Она _красивая_ .;я;а;в;и;с;а;A;КРАСИВЫЙ;A - nom sg plen f -;Й;261
;.;.;PUNCT;;;;;;;;;;PUNCT;;;;262
;;;;;;;;;;;;;;;;;263
# sent = 938;;;;;;;;;;;;;;;;;264
;Она;ОНА;SPRO sg 3p f nom;;y;. _Она_ похожа на ...;а;н;о;;;;SPRO;ОНА;SPRO sg 3p f nom;А;265
;похожа;ПОХОЖИЙ;A - - sg brev m -;;y;Она _похожа_ на ... на;а;ж;о;х;о;п;A;ПОХОЖИЙ;A - - sg brev f -;Й;266
;на;НА;PR;;y;Она похожа _на_ ... на дикую;а;н;;;;;PR;НА;PR;А;267
;...;...;PUNCT;;;;;;;;;;PUNCT;;;;268
;на;НА;PR;;y;похожа на ... _на_ дикую .;а;н;;;;;PR;НА;PR;А;269
;дикую;ДИКИЙ;A - acc sg plen f -;;y;на ... на _дикую_ .;ю;у;к;и;д;;A;ДИКИЙ;A - acc sg plen f -;Й;270
;.;.;PUNCT;;;;;;;;;;PUNCT;;;;271
;;;;;;;;;;;;;;;;;272
# sent = 939;;;;;;;;;;;;;;;;;273
# speaker = Мария;;;;;;;;;;;;;;;;;274
# sent = 940;;;;;;;;;;;;;;;;;275
;Что;ЧТО;SPRO n inan nom sg;;y;_Что_ делает третья кошка;о;т;ч;;;;SPRO;ЧТО;S n - nom sg;О;276
;делает;ДЕЛАТЬ;V ipf praes sg indic - 3p;;y;Что _делает_ третья кошка ?;т;е;а;л;е;д;V;ДЕЛАТЬ;V ipf praes sg indic - 3p;Ь;277
;третья;ТРЕТИЙ;ANUM - nom sg plen m -;;y;Что делает _третья_ кошка ?;я;ь;т;е;р;т;ANUM;ТРЕТИЙ;A - nom sg plen f -;Й;278
;кошка;КОШКА;S f anim nom sg;;y;Что делает третья _кошка_ ?;а;к;ш;о;к;;S;КОШКА;S f anim nom sg;А;279
;?;?;PUNCT;;;;;;;;;;PUNCT;;;;280
;;;;;;;;;;;;;;;;;281
# sent = 941;;;;;;;;;;;;;;;;;282
# speaker = Алина;;;;;;;;;;;;;;;;;283
# sent = 942;;;;;;;;;;;;;;;;;284
;Подожди;ПОДОЖДАТЬ;V pf - sg imper - 2p;;y;_Подожди_ , тут что-то;и;д;ж;о;д;о;V;ПОДОЖДАТЬ;V pf - sg imper - 2p;Ь;285
;,;,;PUNCT;;;;;;;;;;PUNCT;;;;286
;тут;ТУТ;ADV -;;y;Подожди , _тут_ что-то происходит ,;т;у;т;;;;ADV;ТУТ;ADV -;Т;287
;что-то;ЧТО-ТО;SPRO n inan nom sg;;y;Подожди , тут _что-то_ происходит , там;о;т;-;о;т;ч;SPRO;ЧТО-ТО;S n - nom sg;О;288
;происходит;ПРОИСХОДИТЬ;V ipf praes sg indic - 3p;;y;, тут что-то _происходит_ , там был;т;и;д;о;х;с;V;ПРОИСХОДИТЬ;V ipf praes sg indic - 3p;Ь;289
;,;,;PUNCT;;;;;;;;;;PUNCT;;;;290
;там;ТАМ;ADV -;;y;что-то происходит , _там_ был какой то;м;а;т;;;;ADV;ТАМ;ADV -;М;291
;был;БЫТЬ;V ipf praes sg indic - 3p;;y;происходит , там _был_ какой то пакет;л;ы;б;;;;V;БЫТЬ;V ipf praet sg indic m -;Ь;292
;какой;КАКОЙ;APRO - nom sg plen m -;часть(какой-то);!!!;, там был _какой_ то пакет .;й;о;к;а;к;;APRO;КАКОЙ;A - nom sg plen m -;Й;293
;то;ТО;CONJ;часть(куда-то);!!!;там был какой _то_ пакет .;о;т;;;;;CONJ;ТО;CONJ;О;294
;пакет;ПАКЕТ;S m inan nom sg;;y;был какой то _пакет_ .;т;е;к;а;п;;S;ПАКЕТ;S m inan acc sg;Т;295
;.;.;PUNCT;;;;;;;;;;PUNCT;;;;296
;;;;;;;;;;;;;;;;;297
# sent = 943;;;;;;;;;;;;;;;;;298
;А;А;INTJ;;y;. _А_ , он хочет;а;;;;;;CONJ;А;CONJ;А;299
;,;,;PUNCT;;;;;;;;;;PUNCT;;;;300
;он;ОН;SPRO sg 3p m nom;;y;А , _он_ хочет их покормить;н;о;;;;;SPRO;ОН;SPRO sg 3p m nom;Н;301
;хочет;ХОТЕТЬ;V ipf praes sg indic - 1p;;y;А , он _хочет_ их покормить !;т;е;ч;о;х;;V;ХОТЕТЬ;V ipf praes sg indic - 3p;Ь;302
;их;ОНИ;SPRO pl - - gen;;y;, он хочет _их_ покормить !;х;и;;;;;SPRO;ОНИ;SPRO pl - - acc;И;303
;покормить;ПОКОРМИТЬ;V pf praet pl indic - -;;y;он хочет их _покормить_ !;ь;т;и;м;р;о;V;ПОКОРМИТЬ;V pf - - inf - -;Ь;304
;!;!;PUNCT;;;;;;;;;;PUNCT;;;;305
;;;;;;;;;;;;;;;;;306
# sent = 944;;;;;;;;;;;;;;;;;307
# speaker = Алина;;;;;;;;;;;;;;;;;308
# sent = 945;;;;;;;;;;;;;;;;;309
;Третий;ТРЕТИЙ;ANUM - nom sg plen m -;;y;_Третий_ кот смотрит на;й;и;т;е;р;т;ANUM;ТРЕТИЙ;A - nom sg plen m -;Й;310
;кот;КОТ;S m anim nom pl;;y;Третий _кот_ смотрит на еду;т;о;к;;;;S;КОТ;S m anim nom sg;Т;311
;смотрит;СМОТРЕТЬ;V ipf praes sg indic - 3p;;Y;Третий кот _смотрит_ на еду .;т;и;р;т;о;м;V;СМОТРЕТЬ;V ipf praes sg indic - 3p;Ь;312
;на;НА;PR;;y;Третий кот смотрит _на_ еду .;а;н;;;;;PR;НА;PR;А;313
;еду;ЕДА;S f inan loc sg;;y;кот смотрит на _еду_ .;у;д;е;;;;S;ЕДА;S f inan acc sg;А;314
;.;.;PUNCT;;;;;;;;;;PUNCT;;;;315
;;;;;;;;;;;;;;;;;316
# sent = 946;;;;;;;;;;;;;;;;;317
;Блин;БЛИН;INTJ;;y;. _Блин_ , классный кот;н;и;л;б;;;S;БЛИН;S m inan acc sg;Н;318
;,;,;PUNCT;;;;;;;;;;PUNCT;;;;319
;классный;КЛАССНЫЙ;A - nom sg plen m -;;Y;Блин , _классный_ кот .;й;ы;н;с;с;а;A;КЛАССНЫЙ;A - nom sg plen m -;Й;320
;кот;КОТ;S m anim gen sg;;y;Блин , классный _кот_ .;т;о;к;;;;S;КОТ;S m anim nom sg;Т;321
;.;.;PUNCT;;;;;;;;;;PUNCT;;;;322
;;;;;;;;;;;;;;;;;323
# sent = 947;;;;;;;;;;;;;;;;;324
;А;А;INTJ;;y;. _А_ , нет ,;а;;;;;;CONJ;А;CONJ;А;325
;,;,;PUNCT;;;;;;;;;;PUNCT;;;;326
;нет;НЕТ;PRAEDIC;;y;А , _нет_ , он убежал;т;е;н;;;;PART;НЕТ;PART;Т;327
;,;,;PUNCT;;;;;;;;;;PUNCT;;;;328
;он;ОН;SPRO sg 3p m nom;;y;, нет , _он_ убежал , а;н;о;;;;;SPRO;ОН;SPRO sg 3p m nom;Н;329
;убежал;УБЕЖАТЬ;V pf praet sg indic m -;;y;нет , он _убежал_ , а ,;л;а;ж;е;б;у;V;УБЕЖАТЬ;V pf praet sg indic m -;Ь;330
;,;,;PUNCT;;;;;;;;;;PUNCT;;;;331
;а;А;INTJ;;y;он убежал , _а_ , нет ,;а;;;;;;CONJ;А;CONJ;А;332
;,;,;PUNCT;;;;;;;;;;PUNCT;;;;333
;нет;НЕТ;PART;;y;, а , _нет_ , не убежал;т;е;н;;;;PART;НЕТ;PART;Т;334
;,;,;PUNCT;;;;;;;;;;PUNCT;;;;335
;не;НЕ;PART;;y;, нет , _не_ убежал !;е;н;;;;;PART;НЕ;PART;Е;336
;убежал;УБЕЖАТЬ;V pf praet sg indic f -;;y;нет , не _убежал_ !;л;а;ж;е;б;у;V;УБЕЖАТЬ;V pf praet sg indic m -;Ь;337
;!;!;PUNCT;;;;;;;;;;PUNCT;;;;338
;;;;;;;;;;;;;;;;;339
# sent = 948;;;;;;;;;;;;;;;;;340
# speaker = Алина;;;;;;;;;;;;;;;;;341
# sent = 949;;;;;;;;;;;;;;;;;342
;Он;ОН;SPRO sg 3p m nom;;y;_Он_ смотрит на еду;н;о;;;;;SPRO;ОН;SPRO sg 3p m nom;Н;343
;смотрит;СМОТРЕТЬ;V ipf praes sg indic - 3p;;Y;Он _смотрит_ на еду ,;т;и;р;т;о;м;V;СМОТРЕТЬ;V ipf praes sg indic - 3p;Ь;344
;на;НА;PR;;y;Он смотрит _на_ еду , он;а;н;;;;;PR;НА;PR;А;345
;еду;ЕДА;S f inan ins sg;;y;Он смотрит на _еду_ , он идёт;у;д;е;;;;S;ЕДА;S f inan acc sg;А;346
;,;,;PUNCT;;;;;;;;;;PUNCT;;;;347
;он;ОН;SPRO sg 3p m nom;;y;на еду , _он_ идёт к еде;н;о;;;;;SPRO;ОН;SPRO sg 3p m nom;Н;348
;идёт;ИДТИ;V ipf praes sg indic - 3p;;y;еду , он _идёт_ к еде .;т;ё;д;и;;;V;ИДТИ;V ipf praes sg indic - 3p;И;349
;к;К;PR;;Y;, он идёт _к_ еде .;к;;;;;;PR;К;PR;К;350
;еде;ЕДА;S f inan acc sg;;y;он идёт к _еде_ .;е;д;е;;;;S;ЕДА;S f inan loc sg;А;351
;.;.;PUNCT;;;;;;;;;;PUNCT;;;;352
;;;;;;;;;;;;;;;;;353
# sent = 950;;;;;;;;;;;;;;;;;354
# speaker = Алина;;;;;;;;;;;;;;;;;355
# sent = 951;;;;;;;;;;;;;;;;;356
;Почему;ПОЧЕМУ;ADVPRO -;;Y;_Почему_ третий кот дружелюбнее;у;м;е;ч;о;п;ADV;ПОЧЕМУ;ADV -;У;357
;третий;ТРЕТИЙ;ANUM - nom sg plen f -;;y;Почему _третий_ кот дружелюбнее ,;й;и;т;е;р;т;ANUM;ТРЕТИЙ;A - nom sg plen m -;Й;358
;кот;КОТ;S m anim dat sg;;y;Почему третий _кот_ дружелюбнее , чем;т;о;к;;;;S;КОТ;S m anim nom sg;Т;359
;дружелюбнее;ДРУЖЕЛЮБНЫЙ;A comp - - plen - -;;y;Почему третий кот _дружелюбнее_ , чем те;е;е;н;б;ю;л;A;ДРУЖЕЛЮБНЫЙ;A comp - - plen - -;Й;360
;,;,;PUNCT;;;;;;;;;;PUNCT;;;;361
;чем;ЧЕМ;CONJ;;y;кот дружелюбнее , _чем_ те два ?;м;е;ч;;;;CONJ;ЧЕМ;CONJ;М;362
;те;ТОТ;APRO - nom pl plen - -;;y;дружелюбнее , чем _те_ два ?;е;т;;;;;A;ТОТ;A - nom pl plen - -;Т;363
;два;ДВА;NUM nom m inan;;y;, чем те _два_ ?;а;в;д;;;;NUM;ДВА;NUM acc m inan;А;364
;?;?;PUNCT;;;;;;;;;;PUNCT;;;;365
;;;;;;;;;;;;;;;;;366
# sent = 952;;;;;;;;;;;;;;;;;367
;Те;ТОТ;APRO - nom pl plen - -;;y;? _Те_ два убежали .;е;т;;;;;A;ТОТ;A - nom pl plen - -;Т;368
;два;ДВА;NUM nom f -;;y;Те _два_ убежали .;а;в;д;;;;NUM;ДВА;NUM acc m inan;А;369
;убежали;УБЕЖАТЬ;V pf praet sg indic m -;;y;Те два _убежали_ .;и;л;а;ж;е;б;V;УБЕЖАТЬ;V pf praet pl indic - -;Ь;370
;.;.;PUNCT;;;;;;;;;;PUNCT;;;;371
;;;;;;;;;;;;;;;;;372
# sent = 953;;;;;;;;;;;;;;;;;373
# speaker = Алина;;;;;;;;;;;;;;;;;374
# sent = 954;;;;;;;;;;;;;;;;;375
;Блин;БЛИН;INTJ;;y;_Блин_ , у него;н;и;л;б;;;S;БЛИН;S m inan acc sg;Н;376
;,;,;PUNCT;;;;;;;;;;PUNCT;;;;377
;у;У;PR;;y;Блин , _у_ него такие глаза;у;;;;;;PR;У;PR;У;378
;него;ОН;SPRO sg 3p m dat;;y;Блин , у _него_ такие глаза красивые;о;г;е;н;;;SPRO;ОН;SPRO sg 3p m acc;Н;379
;такие;ТАКОЙ;APRO - nom pl plen - -;;y;, у него _такие_ глаза красивые .;е;и;к;а;т;;APRO;ТАКОЙ;A - nom pl plen - -;Й;380
;глаза;ГЛАЗ;S m inan nom pl;;y;у него такие _глаза_ красивые .;а;з;а;л;г;;S;ГЛАЗ;S m inan nom pl;З;381
;красивые;КРАСИВЫЙ;A - nom sg plen f -;;y;него такие глаза _красивые_ .;е;ы;в;и;с;а;A;КРАСИВЫЙ;A - nom pl plen - -;Й;382
;.;.;PUNCT;;;;;;;;;;PUNCT;;;;383
;;;;;;;;;;;;;;;;;384
# sent = 955;;;;;;;;;;;;;;;;;385
# speaker = Алина;;;;;;;;;;;;;;;;;386
# sent = 956;;;;;;;;;;;;;;;;;387
;Он;ОН;SPRO sg 3p m nom;;y;_Он_ облизнулся .;н;о;;;;;SPRO;ОН;SPRO sg 3p m nom;Н;388
;облизнулся;ОБЛИЗАТЬСЯ;V pf praet sg indic m -;;Y;Он _облизнулся_ .;я;с;л;у;н;з;V;ОБЛИЗАТЬСЯ;V pf praet sg indic m -;Я;389
;.;.;PUNCT;;;;;;;;;;PUNCT;;;;390
;;;;;;;;;;;;;;;;;391
# sent = 957;;;;;;;;;;;;;;;;;392
# speaker = Алина;;;;;;;;;;;;;;;;;393
# sent = 958;;;;;;;;;;;;;;;;;394
"<distinct form=""";;;;;;;;;;;;;;;;;395
<dist>;о;;;;;;;;;;;;;;;;396
""">";;;;;;;;;;;;;;;;;397
;Вот;ВОТ;PART;;y;о _Вот_ , ,;т;о;в;;;;PART;ВОТ;PART;Т;398
</distinct>;;;;;;;;;;;;;;;;;399
;,;,;PUNCT;;;;;;;;;;PUNCT;;;;400
;,;,;PUNCT;;;;;;;;;;PUNCT;;;;401
;я;Я;SPRO sg 1p - nom;;y;, , _я_ вижу человека .;я;;;;;;SPRO;Я;SPRO sg 1p - nom;Я;402
;вижу;ВИДЕТЬ;V ipf praes sg indic - 1p;;y;, , я _вижу_ человека .;у;ж;и;в;;;V;ВИДЕТЬ;V ipf praes sg indic - 1p;Ь;403
;человека;ЧЕЛОВЕК;S m anim nom sg;;y;, я вижу _человека_ .;а;к;е;в;о;л;S;ЧЕЛОВЕК;S m anim acc sg;К;404
;.;.;PUNCT;;;;;;;;;;PUNCT;;;;405
;;;;;;;;;;;;;;;;;406
# sent = 959;;;;;;;;;;;;;;;;;407
# speaker = Мария;;;;;;;;;;;;;;;;;408
# sent = 960;;;;;;;;;;;;;;;;;409
;Что;ЧТО;SPRO n inan nom sg;;y;_Что_ делает человек ?;о;т;ч;;;;SPRO;ЧТО;S n - nom sg;О;410
;делает;ДЕЛАТЬ;V ipf praes sg indic - 3p;;y;Что _делает_ человек ?;т;е;а;л;е;д;V;ДЕЛАТЬ;V ipf praes sg indic - 3p;Ь;411
;человек;ЧЕЛОВЕК;S m anim acc sg;;y;Что делает _человек_ ?;к;е;в;о;л;е;S;ЧЕЛОВЕК;S m anim nom sg;К;412
;?;?;PUNCT;;;;;;;;;;PUNCT;;;;413
;;;;;;;;;;;;;;;;;414
# sent = 961;;;;;;;;;;;;;;;;;415
# speaker = Алина;;;;;;;;;;;;;;;;;416
# sent = 962;;;;;;;;;;;;;;;;;417
;Человек;ЧЕЛОВЕК;S m anim acc sg;;y;_Человек_ лезет в подвал;к;е;в;о;л;е;S;ЧЕЛОВЕК;S m anim nom sg;К;418
;лезет;ЛЕЗТЬ;V ipf praes sg indic - 3p;;y;Человек _лезет_ в подвал или;т;е;з;е;л;;V;ЛЕЗТЬ;V ipf praes sg indic - 3p;Ь;419
;в;В;PR;;y;Человек лезет _в_ подвал или смотрит;в;;;;;;PR;В;PR;В;420
;подвал;ПОДВАЛ;S m inan acc sg;;y;Человек лезет в _подвал_ или смотрит в;л;а;в;д;о;п;S;ПОДВАЛ;S m inan acc sg;Л;421
;или;ИЛИ;CONJ;;y;лезет в подвал _или_ смотрит в подвал;и;л;и;;;;CONJ;ИЛИ;CONJ;И;422
;смотрит;СМОТРЕТЬ;V ipf praes sg indic - 3p;;Y;в подвал или _смотрит_ в подвал ,;т;и;р;т;о;м;V;СМОТРЕТЬ;V ipf praes sg indic - 3p;Ь;423
;в;В;PR;;y;подвал или смотрит _в_ подвал , он;в;;;;;;PR;В;PR;В;424
;подвал;ПОДВАЛ;S m inan acc sg;;y;или смотрит в _подвал_ , он ушёл;л;а;в;д;о;п;S;ПОДВАЛ;S m inan acc sg;Л;425
;,;,;PUNCT;;;;;;;;;;PUNCT;;;;426
;он;ОН;SPRO sg 3p m nom;;y;в подвал , _он_ ушёл от подвала;н;о;;;;;SPRO;ОН;SPRO sg 3p m nom;Н;427
;ушёл;УЙТИ;V pf praet sg indic m -;;y;подвал , он _ушёл_ от подвала .;л;ё;ш;у;;;V;УЙТИ;V pf praet sg indic m -;И;428
;от;ОТ;PR;;y;, он ушёл _от_ подвала .;т;о;;;;;PR;ОТ;PR;Т;429
;подвала;ПОДВАЛ;S m inan gen sg;;y;он ушёл от _подвала_ .;а;л;а;в;д;о;S;ПОДВАЛ;S m inan gen sg;Л;430
;.;.;PUNCT;;;;;;;;;;PUNCT;;;;431
;;;;;;;;;;;;;;;;;432
# sent = 963;;;;;;;;;;;;;;;;;433
# speaker = Алина;;;;;;;;;;;;;;;;;434
# sent = 964;;;;;;;;;;;;;;;;;435
;Ещё;ЕЩЕ;ADV -;;Y;_Ещё_ там постоянно кто-то;ё;щ;е;;;;ADV;ЕЩЕ;ADV -;Е;436
;там;ТАМ;ADV -;;y;Ещё _там_ постоянно кто-то кыскает;м;а;т;;;;ADV;ТАМ;ADV -;М;437
;постоянно;ПОСТОЯННО;ADV -;;y;Ещё там _постоянно_ кто-то кыскает ...;о;н;н;я;о;т;ADV;ПОСТОЯННО;ADV -;О;438
;кто-то;КТО-ТО;SPRO m - nom sg;;y;Ещё там постоянно _кто-то_ кыскает ... ой;о;т;-;о;т;к;S;КТО-ТО;S m - nom sg;О;439
;кыскает;КЫСКАТЬ;V pf fut sg indic - 3p;;y;там постоянно кто-то _кыскает_ ... ой ,;т;е;а;к;с;ы;V;КЫСКАТЬ;V pf fut sg indic - 3p;Ь;440
;...;...;PUNCT;;;;;;;;;;PUNCT;;;;441
;ой;ОЙ;INTJ;;y;кто-то кыскает ... _ой_ , опять кот;й;о;;;;;INTJ;ОЙ;INTJ;Й;442
;,;,;PUNCT;;;;;;;;;;PUNCT;;;;443
;опять;ОПЯТЬ;ADV -;;y;... ой , _опять_ кот .;ь;т;я;п;о;;ADV;ОПЯТЬ;ADV -;Ь;444
;кот;КОТ;S m anim dat sg;;y;ой , опять _кот_ .;т;о;к;;;;S;КОТ;S m anim nom sg;Т;445
;.;.;PUNCT;;;;;;;;;;PUNCT;;;;446
;;;;;;;;;;;;;;;;;447
# sent = 965;;;;;;;;;;;;;;;;;448
# speaker = Алина;;;;;;;;;;;;;;;;;449
# sent = 966;;;;;;;;;;;;;;;;;450
;Ути;УТИ;INTJ;;y;_Ути_ госьподи;и;т;у;;;;INTJ;УТИ;INTJ;И;451
"<distinct form=""";;;;;;;;;;;;;;;;;452
<dist>;госьподи;;;;;;;;;;;;;;;;453
""">";;;;;;;;;;;;;;;;;454
;господи;ГОСПОДИ;INTJ;;y;госьподи _господи_ , он;и;д;о;п;с;о;INTJ;ГОСПОДИ;INTJ;И;455
</distinct>;;;;;;;;;;;;;;;;;456
;,;,;PUNCT;;;;;;;;;;PUNCT;;;;457
;он;ОН;SPRO sg 3p m nom;;y;господи , _он_ ест !;н;о;;;;;SPRO;ОН;SPRO sg 3p m nom;Н;458
;ест;ЕСТЬ;V ipf praes pl indic - 3p;;y;, он _ест_ !;т;с;е;;;;V;ЕСТЬ;V ipf praes sg indic - 3p;Ь;459
;!;!;PUNCT;;;;;;;;;;PUNCT;;;;460
;;;;;;;;;;;;;;;;;461
# sent = 967;;;;;;;;;;;;;;;;;462
# speaker = Алина;;;;;;;;;;;;;;;;;463
# sent = 968;;;;;;;;;;;;;;;;;464
;Ей;ОНА;SPRO sg 3p f dat;;y;_Ей_ нравится , по-моему;й;е;;;;;SPRO;ОНА;SPRO sg 3p f dat;А;465
;нравится;НРАВИТЬСЯ;V ipf praes sg indic - 3p;;Y;Ей _нравится_ , по-моему ,;я;с;т;и;в;а;V;НРАВИТЬСЯ;V ipf praes sg indic - 3p;Я;466
;,;,;PUNCT;;;;;;;;;;PUNCT;;;;467
;по-моему;ПО-МОЕМУ;PARENTH;;Y;Ей нравится , _по-моему_ , она голодная;у;м;е;о;м;-;ADV;ПО-МОЕМУ;ADV -;У;468
;,;,;PUNCT;;;;;;;;;;PUNCT;;;;469
;она;ОНА;SPRO sg 3p f nom;;y;, по-моему , _она_ голодная - мой;а;н;о;;;;SPRO;ОНА;SPRO sg 3p f nom;А;470
;голодная;ГОЛОДНЫЙ;A - nom sg plen f -;;y;по-моему , она _голодная_ - мой бы;я;а;н;д;о;л;A;ГОЛОДНЫЙ;A - nom sg plen f -;Й;471
;-;-;PUNCT;;;;;;;;;;PUNCT;;;;472
;мой;МОЙ;APRO - nom sg plen m -;;y;она голодная - _мой_ бы не стал;й;о;м;;;;APRO;МОЙ;A - nom sg plen m -;Й;473
;бы;БЫ;PART;;y;голодная - мой _бы_ не стал есть;ы;б;;;;;PART;БЫ;PART;Ы;474
;не;НЕ;PART;;y;- мой бы _не_ стал есть какую-то;е;н;;;;;PART;НЕ;PART;Е;475
;стал;СТАТЬ;V pf praet sg indic m -;часть;!!!;мой бы не _стал_ есть какую-то левую;л;а;т;с;;;V;СТАТЬ;V pf praet sg indic m -;Ь;476
;есть;ЕСТЬ;V ipf praes sg indic - 3p;;y;бы не стал _есть_ какую-то левую еду;ь;т;с;е;;;V;ЕСТЬ;V ipf - - inf - -;Ь;477
;какую-то;КАКОЙ-ТО;APRO - nom pl plen - -;;Y;не стал есть _какую-то_ левую еду .;о;т;-;ю;у;к;APRO;КАКОЙ-ТО;A - acc sg plen f inan;О;478
;левую;ЛЕВЫЙ;A - acc sg plen f -;;y;стал есть какую-то _левую_ еду .;ю;у;в;е;л;;A;ЛЕВЫЙ;A - acc sg plen f -;Й;479
;еду;ЕДА;S f inan dat sg;;y;есть какую-то левую _еду_ .;у;д;е;;;;S;ЕДА;S f inan acc sg;А;480
;.;.;PUNCT;;;;;;;;;;PUNCT;;;;481
;;;;;;;;;;;;;;;;;482
# sent = 969;;;;;;;;;;;;;;;;;483
# speaker = Алина;;;;;;;;;;;;;;;;;484
# sent = 970;;;;;;;;;;;;;;;;;485
;Теперь;ТЕПЕРЬ;ADV -;;y;_Теперь_ я скучаю по;ь;р;е;п;е;т;ADV;ТЕПЕРЬ;ADV -;Ь;486
;я;Я;SPRO sg 1p - nom;;y;Теперь _я_ скучаю по своему;я;;;;;;SPRO;Я;SPRO sg 1p - nom;Я;487
;скучаю;СКУЧАТЬ;V ipf praes sg indic - 2p;;Y;Теперь я _скучаю_ по своему коту;ю;а;ч;у;к;с;V;СКУЧАТЬ;V ipf praes sg indic - 1p;Ь;488
;по;ПО;PR;;y;Теперь я скучаю _по_ своему коту ...;о;п;;;;;PR;ПО;PR;О;489
;своему;СВОЙ;APRO - dat sg plen m -;;y;я скучаю по _своему_ коту ... ой;у;м;е;о;в;с;APRO;СВОЙ;A - dat sg plen m -;Й;490
;коту;КОТ;S m anim nom sg;;y;скучаю по своему _коту_ ... ой ,;у;т;о;к;;;S;КОТ;S m inan gen sg;Т;491
;...;...;PUNCT;;;;;;;;;;PUNCT;;;;492
;ой;ОЙ;INTJ;;y;своему коту ... _ой_ , маленький !;й;о;;;;;INTJ;ОЙ;INTJ;Й;493
;,;,;PUNCT;;;;;;;;;;PUNCT;;;;494
;маленький;МАЛЕНЬКИЙ;A - nom sg plen m -;;y;... ой , _маленький_ !;й;и;к;ь;н;е;A;МАЛЕНЬКИЙ;A - nom sg plen m -;Й;495
;!;!;PUNCT;;;;;;;;;;PUNCT;;;;496
;;;;;;;;;;;;;;;;;497
# sent = 971;;;;;;;;;;;;;;;;;498
# speaker = Алина;;;;;;;;;;;;;;;;;499
# sent = 972;;;;;;;;;;;;;;;;;500
;По-моему;ПО-МОЕМУ;PARENTH;;Y;_По-моему_ , это второй;у;м;е;о;м;-;ADV;ПО-МОЕМУ;ADV -;У;501
;,;,;PUNCT;;;;;;;;;;PUNCT;;;;502
;это;ЭТО;SPRO n - nom sg;;y;По-моему , _это_ второй кот ,;о;т;э;;;;SPRO;ЭТОТ;A - acc sg plen n -;О;503
;второй;ВТОРОЙ;ANUM - nom sg plen m -;;y;По-моему , это _второй_ кот , а;й;о;р;о;т;в;ANUM;ВТОРОЙ;A - nom sg plen m -;Й;504
;кот;КОТ;S m anim dat sg;;y;, это второй _кот_ , а может;т;о;к;;;;S;КОТ;S m anim nom sg;Т;505
;,;,;PUNCT;;;;;;;;;;PUNCT;;;;506
;а;А;CONJ;;y;второй кот , _а_ может быть ,;а;;;;;;CONJ;А;CONJ;А;507
;может;МОЧЬ;V ipf praes sg indic - 3p;часть;!!!;кот , а _может_ быть , третий;т;е;ж;о;м;;V;МОЧЬ;V ipf praes sg indic - 3p;Ь;508
;быть;БЫТЬ;V ipf praet sg indic m -;;y;, а может _быть_ , третий кот;ь;т;ы;б;;;V;БЫТЬ;V ipf - - inf - -;Ь;509
;,;,;PUNCT;;;;;;;;;;PUNCT;;;;510
;третий;ТРЕТИЙ;ANUM - nom sg plen f -;;y;может быть , _третий_ кот .;й;и;т;е;р;т;ANUM;ТРЕТИЙ;A - nom sg plen m -;Й;511
;кот;КОТ;S m anim dat sg;;y;быть , третий _кот_ .;т;о;к;;;;S;КОТ;S m anim nom sg;Т;512
;.;.;PUNCT;;;;;;;;;;PUNCT;;;;513
;;;;;;;;;;;;;;;;;514
# sent = 973;;;;;;;;;;;;;;;;;515
# speaker = Алина;;;;;;;;;;;;;;;;;516
# sent = 974;;;;;;;;;;;;;;;;;517
;Короче;КОРОЧЕ;PARENTH;;Y;_Короче_ , я не;е;ч;о;р;о;к;ADV;КОРОЧЕ;ADV comp;Е;518
;,;,;PUNCT;;;;;;;;;;PUNCT;;;;519
;я;Я;SPRO sg 1p - nom;;y;Короче , _я_ не знаю ,;я;;;;;;SPRO;Я;SPRO sg 1p - nom;Я;520
;не;НЕ;PART;;y;Короче , я _не_ знаю , я;е;н;;;;;PART;НЕ;PART;Е;521
;знаю;ЗНАТЬ;V ipf praes sg indic - 1p;;y;, я не _знаю_ , я путаю;ю;а;н;з;;;V;ЗНАТЬ;V ipf praes sg indic - 1p;Ь;522
;,;,;PUNCT;;;;;;;;;;PUNCT;;;;523
;я;Я;SPRO sg 1p - nom;;y;не знаю , _я_ путаю этих котов;я;;;;;;SPRO;Я;SPRO sg 1p - nom;Я;524
;путаю;ПУТАТЬ;V ipf praes sg indic - 1p;;y;знаю , я _путаю_ этих котов ,;ю;а;т;у;п;;V;ПУТАТЬ;V ipf praes sg indic - 1p;Ь;525
;этих;ЭТОТ;APRO - acc sg plen f -;;y;, я путаю _этих_ котов , но;х;и;т;э;;;APRO;ЭТОТ;A - acc pl plen - anim;Т;526
;котов;КОТ;S m anim nom sg;;y;я путаю этих _котов_ , но там;в;о;т;о;к;;S;КОТ;S m anim gen pl;Т;527
;,;,;PUNCT;;;;;;;;;;PUNCT;;;;528
;но;НО;CONJ;;y;этих котов , _но_ там был маленький;о;н;;;;;CONJ;НО;CONJ;О;529
;там;ТАМ;ADV -;;y;котов , но _там_ был маленький котёнок;м;а;т;;;;ADV;ТАМ;ADV -;М;530
;был;БЫТЬ;V ipf praes sg indic - 1p;часть(future tense);!!!;, но там _был_ маленький котёнок .;л;ы;б;;;;V;БЫТЬ;V ipf praet sg indic m -;Ь;531
;маленький;МАЛЕНЬКИЙ;A - nom sg plen m -;;y;но там был _маленький_ котёнок .;й;и;к;ь;н;е;A;МАЛЕНЬКИЙ;A - nom sg plen m -;Й;532
;котёнок;КОТЕНОК;S m anim nom sg;;y;там был маленький _котёнок_ .;к;о;н;ё;т;о;S;КОТЕНОК;S m anim nom sg;К;533
;.;.;PUNCT;;;;;;;;;;PUNCT;;;;534
;;;;;;;;;;;;;;;;;535
# sent = 975;;;;;;;;;;;;;;;;;536
# speaker = Мария;;;;;;;;;;;;;;;;;537
# sent = 976;;;;;;;;;;;;;;;;;538
;Что;ЧТО;SPRO;;Y;_Что_ происходит сейчас на;о;т;ч;;;;SPRO;ЧТО;S n - nom sg;О;539
;происходит;ПРОИСХОДИТЬ;V ipf praes sg indic - 3p;;y;Что _происходит_ сейчас на экране;т;и;д;о;х;с;V;ПРОИСХОДИТЬ;V ipf praes sg indic - 3p;Ь;540
;сейчас;СЕЙЧАС;ADV -;;Y;Что происходит _сейчас_ на экране ?;с;а;ч;й;е;с;ADV;СЕЙЧАС;ADV -;С;541
;на;НА;PR;;y;Что происходит сейчас _на_ экране ?;а;н;;;;;PR;НА;PR;А;542
;экране;ЭКРАН;S m inan loc sg;;y;происходит сейчас на _экране_ ?;е;н;а;р;к;э;S;ЭКРАН;S m inan loc sg;Н;543
;?;?;PUNCT;;;;;;;;;;PUNCT;;;;544
;;;;;;;;;;;;;;;;;545
# sent = 977;;;;;;;;;;;;;;;;;546
# speaker = Алина;;;;;;;;;;;;;;;;;547
# sent = 978;;;;;;;;;;;;;;;;;548
;Я;Я;SPRO sg 1p - nom;;y;_Я_ не знаю ,;я;;;;;;SPRO;Я;SPRO sg 1p - nom;Я;549
;не;НЕ;PART;;y;Я _не_ знаю , он;е;н;;;;;PART;НЕ;PART;Е;550
;знаю;ЗНАТЬ;V ipf praes sg indic - 1p;;y;Я не _знаю_ , он хорошенький;ю;а;н;з;;;V;ЗНАТЬ;V ipf praes sg indic - 1p;Ь;551
;,;,;PUNCT;;;;;;;;;;PUNCT;;;;552
;он;ОН;SPRO sg 3p m nom;;y;не знаю , _он_ хорошенький .;н;о;;;;;SPRO;ОН;SPRO sg 3p m nom;Н;553
;хорошенький;ХОРОШЕНЬКИЙ;A - nom sg plen m -;;y;знаю , он _хорошенький_ .;й;и;к;ь;н;е;A;ХОРОШЕНЬКИЙ;A - nom sg plen m -;Й;554
;.;.;PUNCT;;;;;;;;;;PUNCT;;;;555
;;;;;;;;;;;;;;;;;556
# sent = 979;;;;;;;;;;;;;;;;;557
;У;У;PR;;y;. _У_ него большие глазки;у;;;;;;PR;У;PR;У;558
;него;ОН;SPRO sg 3p m dat;;y;У _него_ большие глазки ,;о;г;е;н;;;SPRO;ОН;SPRO sg 3p m acc;Н;559
;большие;БОЛЬШОЙ;A - nom pl plen - -;;y;У него _большие_ глазки , и;е;и;ш;ь;л;о;A;БОЛЬШОЙ;A - nom pl plen - -;Й;560
;глазки;ГЛАЗОК;S m inan nom pl;;y;У него большие _глазки_ , и он;и;к;з;а;л;г;S;ГЛАЗОК;S m inan nom pl;К;561
;,;,;PUNCT;;;;;;;;;;PUNCT;;;;562
;и;И;CONJ;;y;большие глазки , _и_ он облизывается .;и;;;;;;CONJ;И;CONJ;И;563
;он;ОН;SPRO sg 3p m nom;;y;глазки , и _он_ облизывается .;н;о;;;;;SPRO;ОН;SPRO sg 3p m nom;Н;564
;облизывается;ОБЛИЗЫВАТЬСЯ;V ipf praes sg indic - 3p;;Y;, и он _облизывается_ .;я;с;т;е;а;в;V;ОБЛИЗЫВАТЬСЯ;V ipf praes sg indic - 3p;Я;565
;.;.;PUNCT;;;;;;;;;;PUNCT;;;;566
;;;;;;;;;;;;;;;;;567
# sent = 980;;;;;;;;;;;;;;;;;568
;Но;НО;CONJ;;y;. _Но_ , по-моему ,;о;н;;;;;CONJ;НО;CONJ;О;569
;,;,;PUNCT;;;;;;;;;;PUNCT;;;;570
;по-моему;ПО-МОЕМУ;PARENTH;;Y;Но , _по-моему_ , он трусливый;у;м;е;о;м;-;ADV;ПО-МОЕМУ;ADV -;У;571
;,;,;PUNCT;;;;;;;;;;PUNCT;;;;572
;он;ОН;SPRO sg 3p m nom;;y;, по-моему , _он_ трусливый , и;н;о;;;;;SPRO;ОН;SPRO sg 3p m nom;Н;573
;трусливый;ТРУСЛИВЫЙ;A - nom sg plen m -;;y;по-моему , он _трусливый_ , и он;й;ы;в;и;л;с;A;ТРУСЛИВЫЙ;A - nom sg plen m -;Й;574
;,;,;PUNCT;;;;;;;;;;PUNCT;;;;575
;и;И;CONJ;;y;он трусливый , _и_ он хочет кушать;и;;;;;;CONJ;И;CONJ;И;576
;он;ОН;SPRO sg 3p m nom;;y;трусливый , и _он_ хочет кушать ...;н;о;;;;;SPRO;ОН;SPRO sg 3p m nom;Н;577
;хочет;ХОТЕТЬ;V ipf praes sg indic - 1p;;y;, и он _хочет_ кушать ... он;т;е;ч;о;х;;V;ХОТЕТЬ;V ipf praes sg indic - 3p;Ь;578
;кушать;КУШАТЬ;V ipf praes sg indic - 3p;;y;и он хочет _кушать_ ... он голодный;ь;т;а;ш;у;к;V;КУШАТЬ;V ipf - - inf - -;Ь;579
;...;...;PUNCT;;;;;;;;;;PUNCT;;;;580
;он;ОН;SPRO sg 3p m nom;;y;хочет кушать ... _он_ голодный !;н;о;;;;;SPRO;ОН;SPRO sg 3p m nom;Н;581
;голодный;ГОЛОДНЫЙ;A - nom sg plen m -;;y;кушать ... он _голодный_ !;й;ы;н;д;о;л;A;ГОЛОДНЫЙ;A - nom sg plen m -;Й;582
;!;!;PUNCT;;;;;;;;;;PUNCT;;;;583
;;;;;;;;;;;;;;;;;584
# sent = 981;;;;;;;;;;;;;;;;;585
# speaker = Алина;;;;;;;;;;;;;;;;;586
# sent = 982;;;;;;;;;;;;;;;;;587
;Теперь;ТЕПЕРЬ;ADV -;;y;_Теперь_ там большой кот;ь;р;е;п;е;т;ADV;ТЕПЕРЬ;ADV -;Ь;588
;там;ТАМ;ADV -;;y;Теперь _там_ большой кот .;м;а;т;;;;ADV;ТАМ;ADV -;М;589
;большой;БОЛЬШОЙ;A - nom sg plen n -;;y;Теперь там _большой_ кот .;й;о;ш;ь;л;о;A;БОЛЬШОЙ;A - nom sg plen m -;Й;590
;кот;КОТ;S m anim acc sg;;y;Теперь там большой _кот_ .;т;о;к;;;;S;КОТ;S m anim nom sg;Т;591
;.;.;PUNCT;;;;;;;;;;PUNCT;;;;592
;;;;;;;;;;;;;;;;;593
# sent = 983;;;;;;;;;;;;;;;;;594
# speaker = Алина;;;;;;;;;;;;;;;;;595
# sent = 984;;;;;;;;;;;;;;;;;596
;А;А;CONJ;;y;_А_ я не могу;а;;;;;;CONJ;А;CONJ;А;597
;я;Я;SPRO sg 1p - nom;;y;А _я_ не могу понять;я;;;;;;SPRO;Я;SPRO sg 1p - nom;Я;598
;не;НЕ;PART;;y;А я _не_ могу понять :;е;н;;;;;PART;НЕ;PART;Е;599
;могу;МОЧЬ;V ipf praes sg indic - 1p;;y;А я не _могу_ понять : эти;у;г;о;м;;;V;МОЧЬ;V ipf praes sg indic - 1p;Ь;600
;понять;ПОНЯТЬ;V pf praet sg indic f -;;Y;я не могу _понять_ : эти коты;ь;т;я;н;о;п;V;ПОНЯТЬ;V pf - - inf - -;Ь;601
;:;:;PUNCT;;;;;;;;;;PUNCT;;;;602
;эти;ЭТОТ;APRO - acc pl plen - inan;;y;могу понять : _эти_ коты , они;и;т;э;;;;APRO;ЭТОТ;A - nom pl plen - -;Т;603
;коты;КОТ;S m anim nom sg;;y;понять : эти _коты_ , они родственники;ы;т;о;к;;;S;КОТ;S m anim nom pl;Т;604
;,;,;PUNCT;;;;;;;;;;PUNCT;;;;605
;они;ОНИ;SPRO pl - - nom;;y;эти коты , _они_ родственники , или;и;н;о;;;;SPRO;ОНИ;SPRO pl - - nom;И;606
;родственники;РОДСТВЕННИК;S m anim nom pl;;y;коты , они _родственники_ , или не;и;к;и;н;н;е;S;РОДСТВЕННИК;S m anim nom pl;К;607
;,;,;PUNCT;;;;;;;;;;PUNCT;;;;608
;или;ИЛИ;CONJ;;y;они родственники , _или_ не очень ?;и;л;и;;;;CONJ;ИЛИ;CONJ;И;609
;не;НЕ;PART;;y;родственники , или _не_ очень ?;е;н;;;;;PART;НЕ;PART;Е;610
;очень;ОЧЕНЬ;ADV -;;y;, или не _очень_ ?;ь;н;е;ч;о;;ADV;ОЧЕНЬ;ADV -;Ь;611
;?;?;PUNCT;;;;;;;;;;PUNCT;;;;612
;;;;;;;;;;;;;;;;;613
# sent = 985;;;;;;;;;;;;;;;;;614
# speaker = Алина;;;;;;;;;;;;;;;;;615
# sent = 986;;;;;;;;;;;;;;;;;616
;Тот;ТОТ;APRO - nom sg plen m -;;y;_Тот_ мелкий котёнок ,;т;о;т;;;;APRO;ТОТ;A - nom sg plen m -;Т;617
;мелкий;МЕЛКИЙ;A - nom sg plen m -;;y;Тот _мелкий_ котёнок , он;й;и;к;л;е;м;A;МЕЛКИЙ;A - nom sg plen m -;Й;618
;котёнок;КОТЕНОК;S m anim nom sg;;y;Тот мелкий _котёнок_ , он же;к;о;н;ё;т;о;S;КОТЕНОК;S m anim nom sg;К;619
;,;,;PUNCT;;;;;;;;;;PUNCT;;;;620
;он;ОН;SPRO sg 3p m nom;;y;мелкий котёнок , _он_ же вообще ни;н;о;;;;;SPRO;ОН;SPRO sg 3p m nom;Н;621
;же;ЖЕ;PART;;y;котёнок , он _же_ вообще ни на;е;ж;;;;;PART;ЖЕ;PART;Е;622
;вообще;ВООБЩЕ;ADV -;;y;, он же _вообще_ ни на кого;е;щ;б;о;о;в;ADV;ВООБЩЕ;ADV -;Е;623
;ни;НИ;PART;;y;он же вообще _ни_ на кого не;и;н;;;;;PART;НИ;PART;И;624
;на;НА;PR;;y;же вообще ни _на_ кого не похож;а;н;;;;;PR;НА;PR;А;625
;кого;КТО;SPRO m - gen sg;;y;вообще ни на _кого_ не похож .;о;г;о;к;;;S;КТО;S m - gen sg;О;626
;не;НЕ;PART;;y;ни на кого _не_ похож .;е;н;;;;;PART;НЕ;PART;Е;627
;похож;ПОХОЖИЙ;A - - sg brev m -;;y;на кого не _похож_ .;ж;о;х;о;п;;A;ПОХОЖИЙ;A - - sg brev m -;Й;628
;.;.;PUNCT;;;;;;;;;;PUNCT;;;;629
;;;;;;;;;;;;;;;;;630
# sent = 987;;;;;;;;;;;;;;;;;631
# speaker = Алина;;;;;;;;;;;;;;;;;632
# sent = 988;;;;;;;;;;;;;;;;;633
;Он;ОН;SPRO sg 3p m nom;;y;_Он_ вообще похож на;н;о;;;;;SPRO;ОН;SPRO sg 3p m nom;Н;634
;вообще;ВООБЩЕ;ADV -;;y;Он _вообще_ похож на породистого;е;щ;б;о;о;в;ADV;ВООБЩЕ;ADV -;Е;635
;похож;ПОХОЖИЙ;A - - sg brev m -;;y;Он вообще _похож_ на породистого кота;ж;о;х;о;п;;A;ПОХОЖИЙ;A - - sg brev m -;Й;636
;на;НА;PR;;y;Он вообще похож _на_ породистого кота ,;а;н;;;;;PR;НА;PR;А;637
;породистого;ПОРОДИСТЫЙ;A - acc sg plen m -;;y;вообще похож на _породистого_ кота , поэтому;о;г;о;т;с;и;A;ПОРОДИСТЫЙ;A - gen sg plen m -;Й;638
;кота;КОТ;S m anim nom sg;;y;похож на породистого _кота_ , поэтому он;а;т;о;к;;;S;КОТ;S m anim gen sg;Т;639
;,;,;PUNCT;;;;;;;;;;PUNCT;;;;640
;поэтому;ПОЭТОМУ;ADVPRO -;;Y;породистого кота , _поэтому_ он похож на;у;м;о;т;э;о;ADV;ПОЭТОМУ;ADV -;У;641
;он;ОН;SPRO sg 3p m nom;;y;кота , поэтому _он_ похож на моего;н;о;;;;;SPRO;ОН;SPRO sg 3p m nom;Н;642
;похож;ПОХОЖИЙ;A - - sg brev f -;;y;, поэтому он _похож_ на моего кота;ж;о;х;о;п;;A;ПОХОЖИЙ;A - - sg brev m -;Й;643
;на;НА;PR;;y;поэтому он похож _на_ моего кота ,;а;н;;;;;PR;НА;PR;А;644
;моего;МОЙ;APRO - gen sg plen m -;;y;он похож на _моего_ кота , но;о;г;е;о;м;;APRO;МОЙ;A - gen sg plen m -;Й;645
;кота;КОТ;S m anim nom sg;;y;похож на моего _кота_ , но не;а;т;о;к;;;S;КОТ;S m anim gen sg;Т;646
;,;,;PUNCT;;;;;;;;;;PUNCT;;;;647
;но;НО;CONJ;;y;моего кота , _но_ не очень .;о;н;;;;;CONJ;НО;CONJ;О;648
;не;НЕ;PART;;y;кота , но _не_ очень .;е;н;;;;;PART;НЕ;PART;Е;649
;очень;ОЧЕНЬ;ADV -;;y;, но не _очень_ .;ь;н;е;ч;о;;ADV;ОЧЕНЬ;ADV -;Ь;650
;.;.;PUNCT;;;;;;;;;;PUNCT;;;;651
;;;;;;;;;;;;;;;;;652
# sent = 989;;;;;;;;;;;;;;;;;653
# speaker = Алина;;;;;;;;;;;;;;;;;654
# sent = 990;;;;;;;;;;;;;;;;;655
;Ути;УТИ;INTJ;;y;_Ути_ госьподи;и;т;у;;;;INTJ;УТИ;INTJ;И;656
"<distinct form=""";;;;;;;;;;;;;;;;;657
<dist>;госьподи;;;;;;;;;;;;;;;;658
""">";;;;;;;;;;;;;;;;;659
;господи;ГОСПОДИ;INTJ;;y;госьподи _господи_ , ,;и;д;о;п;с;о;INTJ;ГОСПОДИ;INTJ;И;660
</distinct>;;;;;;;;;;;;;;;;;661
;,;,;PUNCT;;;;;;;;;;PUNCT;;;;662
;,;,;PUNCT;;;;;;;;;;PUNCT;;;;663
;он;ОН;SPRO sg 3p m nom;;y;, , _он_ кушает !;н;о;;;;;SPRO;ОН;SPRO sg 3p m nom;Н;664
;кушает;КУШАТЬ;V ipf praes pl indic - 3p;;y;, , он _кушает_ !;т;е;а;ш;у;к;V;КУШАТЬ;V ipf praes sg indic - 3p;Ь;665
;!;!;PUNCT;;;;;;;;;;PUNCT;;;;666
;;;;;;;;;;;;;;;;;667
# sent = 991;;;;;;;;;;;;;;;;;668
;Он;ОН;SPRO sg 3p m nom;;y;! _Он_ сидит в миске;н;о;;;;;SPRO;ОН;SPRO sg 3p m nom;Н;669
;сидит;СИДЕТЬ;V ipf praes sg indic - 3p;;Y;Он _сидит_ в миске !;т;и;д;и;с;;V;СИДЕТЬ;V ipf praes sg indic - 3p;Ь;670
;в;В;PR;;y;Он сидит _в_ миске !;в;;;;;;PR;В;PR;В;671
;миске;МИСКА;S f inan loc sg;;y;Он сидит в _миске_ !;е;к;с;и;м;;S;МИСКА;S f inan loc sg;А;672
;!;!;PUNCT;;;;;;;;;;PUNCT;;;;673
;;;;;;;;;;;;;;;;;674
# sent = 992;;;;;;;;;;;;;;;;;675
# speaker = Алина;;;;;;;;;;;;;;;;;676
# sent = 993;;;;;;;;;;;;;;;;;677
;А;А;CONJ;;y;_А_ если он сидит;а;;;;;;CONJ;А;CONJ;А;678
;если;ЕСЛИ;CONJ;;y;А _если_ он сидит в;и;л;с;е;;;CONJ;ЕСЛИ;CONJ;И;679
;он;ОН;SPRO sg 3p m nom;;y;А если _он_ сидит в миске;н;о;;;;;SPRO;ОН;SPRO sg 3p m nom;Н;680
;сидит;СИДЕТЬ;V ipf praes sg indic - 3p;;Y;А если он _сидит_ в миске на;т;и;д;и;с;;V;СИДЕТЬ;V ipf praes sg indic - 3p;Ь;681
;в;В;PR;;y;если он сидит _в_ миске на еде;в;;;;;;PR;В;PR;В;682
;миске;МИСКА;S f inan loc sg;;y;он сидит в _миске_ на еде ,;е;к;с;и;м;;S;МИСКА;S f inan loc sg;А;683
;на;НА;PR;;y;сидит в миске _на_ еде , он;а;н;;;;;PR;НА;PR;А;684
;еде;ЕДА;S f inan acc sg;;y;в миске на _еде_ , он не;е;д;е;;;;S;ЕДА;S f inan loc sg;А;685
;,;,;PUNCT;;;;;;;;;;PUNCT;;;;686
;он;ОН;SPRO sg 3p m nom;;y;на еде , _он_ не пропахнет едой;н;о;;;;;SPRO;ОН;SPRO sg 3p m nom;Н;687
;не;НЕ;PART;;y;еде , он _не_ пропахнет едой так;е;н;;;;;PART;НЕ;PART;Е;688
;пропахнет;ПРОПАХНУТЬ;V pf fut sg indic - 3p;;y;, он не _пропахнет_ едой так ,;т;е;н;х;а;п;V;ПРОПАХНУТЬ;V pf fut sg indic - 3p;Ь;689
;едой;ЕДА;S f inan acc sg;;y;он не пропахнет _едой_ так , что;й;о;д;е;;;S;ЕДА;S f inan ins sg;А;690
;так;ТАК;ADV -;;y;не пропахнет едой _так_ , что другие;к;а;т;;;;ADV;ТАК;ADV -;К;691
;,;,;PUNCT;;;;;;;;;;PUNCT;;;;692
;что;ЧТО;CONJ;часть (что-то);!!!;едой так , _что_ другие коты его;о;т;ч;;;;CONJ;ЧТО;CONJ;О;693
;другие;ДРУГОЙ;APRO - nom pl plen - -;;y;так , что _другие_ коты его съедят;е;и;г;у;р;д;A;ДРУГОЙ;A - nom pl plen - -;Й;694
;коты;КОТ;S m anim nom sg;;y;, что другие _коты_ его съедят ?;ы;т;о;к;;;S;КОТ;S m anim nom pl;Т;695
;его;ОН;SPRO sg 3p m acc;;y;что другие коты _его_ съедят ?;о;г;е;;;;SPRO;ОН;SPRO sg 3p m acc;Н;696
;съедят;СЪЕСТЬ;V pf fut pl indic - 3p;;y;другие коты его _съедят_ ?;т;я;д;е;ъ;с;V;СЪЕСТЬ;V pf fut pl indic - 3p;Ь;697
;?;?;PUNCT;;;;;;;;;;PUNCT;;;;698
;;;;;;;;;;;;;;;;;699
# sent = 994;;;;;;;;;;;;;;;;;700
# speaker = Алина;;;;;;;;;;;;;;;;;701
# sent = 995;;;;;;;;;;;;;;;;;702
;Или;ИЛИ;CONJ;;y;_Или_ я вообще сейчас;и;л;и;;;;CONJ;ИЛИ;CONJ;И;703
;я;Я;SPRO sg 1p - nom;;y;Или _я_ вообще сейчас выгляжу;я;;;;;;SPRO;Я;SPRO sg 1p - nom;Я;704
;вообще;ВООБЩЕ;ADV -;;y;Или я _вообще_ сейчас выгляжу слишком;е;щ;б;о;о;в;ADV;ВООБЩЕ;ADV -;Е;705
;сейчас;СЕЙЧАС;ADV -;;Y;Или я вообще _сейчас_ выгляжу слишком глупо;с;а;ч;й;е;с;ADV;СЕЙЧАС;ADV -;С;706
;выгляжу;ВЫГЛЯДЕТЬ;V ipf praes sg indic - 1p;;y;я вообще сейчас _выгляжу_ слишком глупо ,;у;ж;я;л;г;ы;V;ВЫГЛЯДЕТЬ;V ipf praes sg indic - 1p;Ь;707
;слишком;СЛИШКОМ;ADV -;;Y;вообще сейчас выгляжу _слишком_ глупо , задавая;м;о;к;ш;и;л;ADV;СЛИШКОМ;ADV -;М;708
;глупо;ГЛУПО;ADV -;;y;сейчас выгляжу слишком _глупо_ , задавая такие;о;п;у;л;г;;ADV;ГЛУПО;ADV -;О;709
;,;,;PUNCT;;;;;;;;;;PUNCT;;;;710
;задавая;ЗАДАВАТЬ;V ipf praes - ger - -;;y;слишком глупо , _задавая_ такие вопросы ?;я;а;в;а;д;а;V;ЗАДАВАТЬ;V ipf praes - ger - -;Ь;711
;такие;ТАКОЙ;APRO - nom pl plen - -;;y;глупо , задавая _такие_ вопросы ?;е;и;к;а;т;;APRO;ТАКОЙ;A - nom pl plen - -;Й;712
;вопросы;ВОПРОС;S m inan acc pl;;y;, задавая такие _вопросы_ ?;ы;с;о;р;п;о;S;ВОПРОС;S m inan nom pl;С;713
;?;?;PUNCT;;;;;;;;;;PUNCT;;;;714
;;;;;;;;;;;;;;;;;715
# sent = 996;;;;;;;;;;;;;;;;;716
# speaker = Мария;;;;;;;;;;;;;;;;;717
# sent = 997;;;;;;;;;;;;;;;;;718
"<span class=""note"">";;;;;;;;;;;;;;;;;719
<note>;смеётся;;;;;;;;;;;;;;;;720
</span>;;;;;;;;;;;;;;;;;721
;;;;;;;;;;;;;;;;;722
# sent = 998;;;;;;;;;;;;;;;;;723
# speaker = Алина;;;;;;;;;;;;;;;;;724
# sent = 999;;;;;;;;;;;;;;;;;725
;Он;ОН;SPRO sg 3p m nom;;y;_Он_ такой маленький ,;н;о;;;;;SPRO;ОН;SPRO sg 3p m nom;Н;726
;такой;ТАКОЙ;APRO - nom sg plen m -;;y;Он _такой_ маленький , он;й;о;к;а;т;;APRO;ТАКОЙ;A - nom sg plen m -;Й;727
;маленький;МАЛЕНЬКИЙ;A - nom sg plen m -;;y;Он такой _маленький_ , он влезает;й;и;к;ь;н;е;A;МАЛЕНЬКИЙ;A - nom sg plen m -;Й;728
;,;,;PUNCT;;;;;;;;;;PUNCT;;;;729
;он;ОН;SPRO sg 3p m nom;;y;такой маленький , _он_ влезает в эту;н;о;;;;;SPRO;ОН;SPRO sg 3p m nom;Н;730
;влезает;ВЛЕЗАТЬ;V ipf praes sg indic - 3p;;y;маленький , он _влезает_ в эту миску;т;е;а;з;е;л;V;ВЛЕЗАТЬ;V ipf praes sg indic - 3p;Ь;731
;в;В;PR;;y;, он влезает _в_ эту миску .;в;;;;;;PR;В;PR;В;732
;эту;ЭТОТ;APRO - nom pl plen - -;;y;он влезает в _эту_ миску .;у;т;э;;;;APRO;ЭТОТ;A - acc sg plen f -;Т;733
;миску;МИСКА;S f inan loc sg;;y;влезает в эту _миску_ .;у;к;с;и;м;;S;МИСКА;S f inan acc sg;А;734
;.;.;PUNCT;;;;;;;;;;PUNCT;;;;735
;;;;;;;;;;;;;;;;;736
# sent = 1000;;;;;;;;;;;;;;;;;737
# speaker = Алина;;;;;;;;;;;;;;;;;738
# sent = 1001;;;;;;;;;;;;;;;;;739
;Он;ОН;SPRO sg 3p m nom;;y;_Он_ убежал .;н;о;;;;;SPRO;ОН;SPRO sg 3p m nom;Н;740
;убежал;УБЕЖАТЬ;V pf praet pl indic - -;;y;Он _убежал_ .;л;а;ж;е;б;у;V;УБЕЖАТЬ;V pf praet sg indic m -;Ь;741
;.;.;PUNCT;;;;;;;;;;PUNCT;;;;742
;;;;;;;;;;;;;;;;;743
# sent = 1002;;;;;;;;;;;;;;;;;744
# speaker = Алина;;;;;;;;;;;;;;;;;745
# sent = 1003;;;;;;;;;;;;;;;;;746
;А;А;CONJ;;y;_А_ большой кот всё;а;;;;;;CONJ;А;CONJ;А;747
;большой;БОЛЬШОЙ;A - nom sg plen m -;;y;А _большой_ кот всё ещё;й;о;ш;ь;л;о;A;БОЛЬШОЙ;A - nom sg plen m -;Й;748
;кот;КОТ;S m anim acc sg;;y;А большой _кот_ всё ещё тут;т;о;к;;;;S;КОТ;S m anim nom sg;Т;749
;всё;ВСЕ;ADV -;;Y;А большой кот _всё_ ещё тут .;ё;с;в;;;;ADV;ВСЕ;ADV -;Е;750
;ещё;ЕЩЕ;ADV -;;Y;большой кот всё _ещё_ тут .;ё;щ;е;;;;ADV;ЕЩЕ;ADV -;Е;751
;тут;ТУТ;ADV -;;y;кот всё ещё _тут_ .;т;у;т;;;;ADV;ТУТ;ADV -;Т;752
;.;.;PUNCT;;;;;;;;;;PUNCT;;;;753
;;;;;;;;;;;;;;;;;754
# sent = 1004;;;;;;;;;;;;;;;;;755
# speaker = Алина;;;;;;;;;;;;;;;;;756
# sent = 1005;;;;;;;;;;;;;;;;;757
;Какой;КАКОЙ;APRO - nom sg plen m -;не тот смысл;!!!;_Какой_ классный большой кот;й;о;к;а;к;;APRO;КАКОЙ;A - nom sg plen m -;Й;758
;классный;КЛАССНЫЙ;A - nom sg plen m -;;Y;Какой _классный_ большой кот .;й;ы;н;с;с;а;A;КЛАССНЫЙ;A - nom sg plen m -;Й;759
;большой;БОЛЬШОЙ;A - nom sg plen m -;;y;Какой классный _большой_ кот .;й;о;ш;ь;л;о;A;БОЛЬШОЙ;A - nom sg plen m -;Й;760
;кот;КОТ;S m anim acc sg;;y;Какой классный большой _кот_ .;т;о;к;;;;S;КОТ;S m anim nom sg;Т;761
;.;.;PUNCT;;;;;;;;;;PUNCT;;;;762
;;;;;;;;;;;;;;;;;763
# sent = 1006;;;;;;;;;;;;;;;;;764
# speaker = Алина;;;;;;;;;;;;;;;;;765
# sent = 1007;;;;;;;;;;;;;;;;;766
;Их;ОНИ;SPRO pl - - acc;;y;_Их_ опять двое ,;х;и;;;;;SPRO;ОНИ;SPRO pl - - acc;И;767
;опять;ОПЯТЬ;ADV -;;y;Их _опять_ двое , и;ь;т;я;п;о;;ADV;ОПЯТЬ;ADV -;Ь;768
;двое;ДВОЕ;NUM nom - -;;y;Их опять _двое_ , и они;е;о;в;д;;;NUM;ДВОЕ;NUM nom - -;Е;769
;,;,;PUNCT;;;;;;;;;;PUNCT;;;;770
;и;И;CONJ;;y;опять двое , _и_ они опять едят;и;;;;;;CONJ;И;CONJ;И;771
;они;ОНИ;SPRO pl - - nom;;y;двое , и _они_ опять едят ...;и;н;о;;;;SPRO;ОНИ;SPRO pl - - nom;И;772
;опять;ОПЯТЬ;ADV -;;y;, и они _опять_ едят ... почему;ь;т;я;п;о;;ADV;ОПЯТЬ;ADV -;Ь;773
;едят;ЕСТЬ;V ipf praes pl indic - 3p;;y;и они опять _едят_ ... почему они;т;я;д;е;;;V;ЕСТЬ;V ipf praes pl indic - 3p;Ь;774
;...;...;PUNCT;;;;;;;;;;PUNCT;;;;775
;почему;ПОЧЕМУ;ADVPRO -;;Y;опять едят ... _почему_ они так долго;у;м;е;ч;о;п;ADV;ПОЧЕМУ;ADV -;У;776
;они;ОНИ;SPRO pl - - nom;;y;едят ... почему _они_ так долго едят;и;н;о;;;;SPRO;ОНИ;SPRO pl - - nom;И;777
;так;ТАК;ADV -;;y;... почему они _так_ долго едят ?;к;а;т;;;;ADV;ТАК;ADV -;К;778
;долго;ДОЛГО;ADV -;;y;почему они так _долго_ едят ?;о;г;л;о;д;;ADV;ДОЛГО;ADV -;О;779
;едят;ЕСТЬ;V ipf praes pl indic - 3p;;y;они так долго _едят_ ?;т;я;д;е;;;V;ЕСТЬ;V ipf praes pl indic - 3p;Ь;780
;?;?;PUNCT;;;;;;;;;;PUNCT;;;;781
;;;;;;;;;;;;;;;;;782
# sent = 1008;;;;;;;;;;;;;;;;;783
# speaker = Алина;;;;;;;;;;;;;;;;;784
# sent = 1009;;;;;;;;;;;;;;;;;785
;Зачем;ЗАЧЕМ;ADV -;;y;_Зачем_ вообще снимать на;м;е;ч;а;з;;ADV;ЗАЧЕМ;ADV -;М;786
;вообще;ВООБЩЕ;ADV -;;y;Зачем _вообще_ снимать на видео;е;щ;б;о;о;в;ADV;ВООБЩЕ;ADV -;Е;787
;снимать;СНИМАТЬ;V ipf - - inf - -;;Y;Зачем вообще _снимать_ на видео то;ь;т;а;м;и;н;V;СНИМАТЬ;V ipf - - inf - -;Ь;788
;на;НА;PR;;y;Зачем вообще снимать _на_ видео то ,;а;н;;;;;PR;НА;PR;А;789
;видео;ВИДЕО;S n inan nom sg;;y;вообще снимать на _видео_ то , как;о;е;д;и;в;;S;ВИДЕО;S n inan nonflex -;О;790
;то;ТО;CONJ;часть(какой-то);!!!;снимать на видео _то_ , как коты;о;т;;;;;CONJ;ТО;CONJ;О;791
;,;,;PUNCT;;;;;;;;;;PUNCT;;;;792
;как;КАК;ADVPRO -;;Y;видео то , _как_ коты едят ?;к;а;к;;;;CONJ;КАК;CONJ;К;793
;коты;КОТ;S m anim nom sg;;y;то , как _коты_ едят ?;ы;т;о;к;;;S;КОТ;S m anim nom pl;Т;794
;едят;ЕСТЬ;V ipf - - inf - -;;y;, как коты _едят_ ?;т;я;д;е;;;V;ЕСТЬ;V ipf praes pl indic - 3p;Ь;795
;?;?;PUNCT;;;;;;;;;;PUNCT;;;;796
;;;;;;;;;;;;;;;;;797
# sent = 1010;;;;;;;;;;;;;;;;;798
# speaker = Алина;;;;;;;;;;;;;;;;;799
# sent = 1011;;;;;;;;;;;;;;;;;800
;А;А;CONJ;;y;_А_ если я сниму;а;;;;;;CONJ;А;CONJ;А;801
;если;ЕСЛИ;CONJ;;y;А _если_ я сниму своего;и;л;с;е;;;CONJ;ЕСЛИ;CONJ;И;802
;я;Я;SPRO sg 1p - nom;;y;А если _я_ сниму своего кота;я;;;;;;SPRO;Я;SPRO sg 1p - nom;Я;803
;сниму;СНЯТЬ;V pf fut sg indic - 1p;;Y;А если я _сниму_ своего кота на;у;м;и;н;с;;V;СНЯТЬ;V pf fut sg indic - 1p;Ь;804
;своего;СВОЙ;APRO - acc sg plen m anim;;y;если я сниму _своего_ кота на видео;о;г;е;о;в;с;APRO;СВОЙ;A - acc sg plen m anim;Й;805
;кота;КОТ;S m anim nom sg;;y;я сниму своего _кота_ на видео и;а;т;о;к;;;S;КОТ;S m anim gen sg;Т;806
;на;НА;PR;;y;сниму своего кота _на_ видео и выложу;а;н;;;;;PR;НА;PR;А;807
;видео;ВИДЕО;S n inan acc sg;;y;своего кота на _видео_ и выложу это;о;е;д;и;в;;S;ВИДЕО;S n inan nonflex -;О;808
;и;И;CONJ;;y;кота на видео _и_ выложу это ,;и;;;;;;CONJ;И;CONJ;И;809
;выложу;ВЫЛОЖИТЬ;V pf fut sg indic - 1p;;y;на видео и _выложу_ это , сколько;у;ж;о;л;ы;в;V;ВЫЛОЖИТЬ;V pf fut sg indic - 1p;Ь;810
;это;ЭТО;SPRO n - nom sg;;y;видео и выложу _это_ , сколько оно;о;т;э;;;;SPRO;ЭТО;S n - nom sg;О;811
;,;,;PUNCT;;;;;;;;;;PUNCT;;;;812
;сколько;СКОЛЬКО;ADVPRO -;;Y;выложу это , _сколько_ оно просмотров наберёт;о;к;ь;л;о;к;ADV;СКОЛЬКО;ADV -;О;813
;оно;ОНО;SPRO sg 3p n nom;;Y;это , сколько _оно_ просмотров наберёт ?;о;н;о;;;;SPRO;ОНО;SPRO sg 3p n nom;О;814
;просмотров;ПРОСМОТР;S m inan gen pl;;y;, сколько оно _просмотров_ наберёт ?;в;о;р;т;о;м;S;ПРОСМОТР;S m inan gen pl;Р;815
;наберёт;НАБРАТЬ;V pf fut sg indic - 3p;;y;сколько оно просмотров _наберёт_ ?;т;ё;р;е;б;а;V;НАБРАТЬ;V pf fut sg indic - 3p;Ь;816
;?;?;PUNCT;;;;;;;;;;PUNCT;;;;817
;;;;;;;;;;;;;;;;;818
# sent = 1012;;;;;;;;;;;;;;;;;819
# speaker = Алина;;;;;;;;;;;;;;;;;820
# sent = 1013;;;;;;;;;;;;;;;;;821
;Маленький;МАЛЕНЬКИЙ;A - nom sg plen m -;;y;_Маленький_ опять кушает .;й;и;к;ь;н;е;A;МАЛЕНЬКИЙ;A - nom sg plen m -;Й;822
;опять;ОПЯТЬ;ADV -;;y;Маленький _опять_ кушает .;ь;т;я;п;о;;ADV;ОПЯТЬ;ADV -;Ь;823
;кушает;КУШАТЬ;V ipf praes pl indic - 3p;;y;Маленький опять _кушает_ .;т;е;а;ш;у;к;V;КУШАТЬ;V ipf praes sg indic - 3p;Ь;824
;.;.;PUNCT;;;;;;;;;;PUNCT;;;;825
;;;;;;;;;;;;;;;;;826
# sent = 1014;;;;;;;;;;;;;;;;;827
# speaker = Мария;;;;;;;;;;;;;;;;;828
# sent = 1015;;;;;;;;;;;;;;;;;829
;Где;ГДЕ;ADV -;;y;_Где_ они кушают ?;е;д;г;;;;ADV;ГДЕ;ADV -;Е;830
;они;ОНИ;SPRO pl - - nom;;y;Где _они_ кушают ?;и;н;о;;;;SPRO;ОНИ;SPRO pl - - nom;И;831
;кушают;КУШАТЬ;V ipf praet pl indic - -;;y;Где они _кушают_ ?;т;ю;а;ш;у;к;V;КУШАТЬ;V ipf praes pl indic - 3p;Ь;832
;?;?;PUNCT;;;;;;;;;;PUNCT;;;;833
;;;;;;;;;;;;;;;;;834
# sent = 1016;;;;;;;;;;;;;;;;;835
# speaker = Алина;;;;;;;;;;;;;;;;;836
# sent = 1017;;;;;;;;;;;;;;;;;837
;Большой;БОЛЬШОЙ;A - nom sg plen m -;;y;_Большой_ смотрит в камеру;й;о;ш;ь;л;о;A;БОЛЬШОЙ;A - nom sg plen m -;Й;838
;смотрит;СМОТРЕТЬ;V ipf praes sg indic - 3p;;Y;Большой _смотрит_ в камеру .;т;и;р;т;о;м;V;СМОТРЕТЬ;V ipf praes sg indic - 3p;Ь;839
;в;В;PR;;y;Большой смотрит _в_ камеру .;в;;;;;;PR;В;PR;В;840
;камеру;КАМЕРА;S f inan acc sg;;Y;Большой смотрит в _камеру_ .;у;р;е;м;а;к;S;КАМЕРА;S f inan acc sg;А;841
;.;.;PUNCT;;;;;;;;;;PUNCT;;;;842
;;;;;;;;;;;;;;;;;843
# sent = 1018;;;;;;;;;;;;;;;;;844
# speaker = Мария;;;;;;;;;;;;;;;;;845
# sent = 1019;;;;;;;;;;;;;;;;;846
;Где;ГДЕ;ADV -;;y;_Где_ они кушают ?;е;д;г;;;;ADV;ГДЕ;ADV -;Е;847
;они;ОНИ;SPRO pl - - nom;;y;Где _они_ кушают ?;и;н;о;;;;SPRO;ОНИ;SPRO pl - - nom;И;848
;кушают;КУШАТЬ;V ipf praes sg indic - 3p;;y;Где они _кушают_ ?;т;ю;а;ш;у;к;V;КУШАТЬ;V ipf praes pl indic - 3p;Ь;849
;?;?;PUNCT;;;;;;;;;;PUNCT;;;;850
;;;;;;;;;;;;;;;;;851
# sent = 1020;;;;;;;;;;;;;;;;;852
# speaker = Алина;;;;;;;;;;;;;;;;;853
# sent = 1021;;;;;;;;;;;;;;;;;854
;Маленький;МАЛЕНЬКИЙ;A - nom sg plen m -;;y;_Маленький_ кушает , не;й;и;к;ь;н;е;A;МАЛЕНЬКИЙ;A - nom sg plen m -;Й;855
;кушает;КУШАТЬ;V ipf - - inf - -;;y;Маленький _кушает_ , не знаю;т;е;а;ш;у;к;V;КУШАТЬ;V ipf praes sg indic - 3p;Ь;856
;,;,;PUNCT;;;;;;;;;;PUNCT;;;;857
;не;НЕ;PART;;y;Маленький кушает , _не_ знаю где ,;е;н;;;;;PART;НЕ;PART;Е;858
;знаю;ЗНАТЬ;V ipf praes sg indic - 1p;;y;кушает , не _знаю_ где , в;ю;а;н;з;;;V;ЗНАТЬ;V ipf praes sg indic - 1p;Ь;859
;где;ГДЕ;ADV -;;y;, не знаю _где_ , в подвале;е;д;г;;;;ADV;ГДЕ;ADV -;Е;860
;,;,;PUNCT;;;;;;;;;;PUNCT;;;;861
;в;В;PR;;y;знаю где , _в_ подвале , в;в;;;;;;PR;В;PR;В;862
;подвале;ПОДВАЛ;S m inan loc sg;;y;где , в _подвале_ , в миске;е;л;а;в;д;о;S;ПОДВАЛ;S m inan loc sg;Л;863
;,;,;PUNCT;;;;;;;;;;PUNCT;;;;864
;в;В;PR;;y;в подвале , _в_ миске !;в;;;;;;PR;В;PR;В;865
;миске;МИСКА;S f inan acc sg;;y;подвале , в _миске_ !;е;к;с;и;м;;S;МИСКА;S f inan loc sg;А;866
;!;!;PUNCT;;;;;;;;;;PUNCT;;;;867
;;;;;;;;;;;;;;;;;868
# sent = 1022;;;;;;;;;;;;;;;;;869
# speaker = Алина;;;;;;;;;;;;;;;;;870
# sent = 1023;;;;;;;;;;;;;;;;;871
"<span class=""note"">";;;;;;;;;;;;;;;;;872
<note>;смеётся;;;;;;;;;;;;;;;;873
</span>;;;;;;;;;;;;;;;;;874
;;;;;;;;;;;;;;;;;875
# sent = 1024;;;;;;;;;;;;;;;;;876
# speaker = Мария;;;;;;;;;;;;;;;;;877
# sent = 1025;;;;;;;;;;;;;;;;;878
"<span class=""note"">";;;;;;;;;;;;;;;;;879
<note>;смеётся;;;;;;;;;;;;;;;;880
</span>;;;;;;;;;;;;;;;;;881
;;;;;;;;;;;;;;;;;882
# sent = 1026;;;;;;;;;;;;;;;;;883
# speaker = Алина;;;;;;;;;;;;;;;;;884
# sent = 1027;;;;;;;;;;;;;;;;;885
;Всё;ВСЕ;ADV -;;Y;_Всё_ , короче ,;ё;с;в;;;;PART;ВСЕ;PART;Е;886
;,;,;PUNCT;;;;;;;;;;PUNCT;;;;887
;короче;КОРОТКИЙ;PARENTH;;Y;Всё , _короче_ , видео закончилось;е;ч;о;р;о;к;A;КОРОТКИЙ;A comp - - plen - -;Й;888
;,;,;PUNCT;;;;;;;;;;PUNCT;;;;889
;видео;ВИДЕО;S n inan acc sg;;y;, короче , _видео_ закончилось .;о;е;д;и;в;;S;ВИДЕО;S m inan nonflex -;О;890
;закончилось;ЗАКОНЧИТЬСЯ;V pf praet sg indic n -;;y;короче , видео _закончилось_ .;ь;с;о;л;и;ч;V;ЗАКОНЧИТЬСЯ;V pf praet sg indic n -;Я;891
;.;.;PUNCT;;;;;;;;;;PUNCT;;;;892
;;;;;;;;;;;;;;;;;893
# sent = 1028;;;;;;;;;;;;;;;;;894
;Теперь;ТЕПЕРЬ;ADV -;;y;. _Теперь_ я буду скучать;ь;р;е;п;е;т;ADV;ТЕПЕРЬ;ADV -;Ь;895
;я;Я;SPRO sg 1p - nom;;y;Теперь _я_ буду скучать по;я;;;;;;SPRO;Я;SPRO sg 1p - nom;Я;896
;буду;БЫТЬ;V ipf - - inf - -;вводное слово!!!;!!!;Теперь я _буду_ скучать по своему;у;д;у;б;;;V;БЫТЬ;V ipf praes sg indic - 1p;Ь;897
;скучать;СКУЧАТЬ;V ipf praes sg indic - 1p;;Y;Теперь я буду _скучать_ по своему коту;ь;т;а;ч;у;к;V;СКУЧАТЬ;V ipf - - inf - -;Ь;898
;по;ПО;PR;;y;я буду скучать _по_ своему коту .;о;п;;;;;PR;ПО;PR;О;899
;своему;СВОЙ;APRO - dat sg plen m -;;y;буду скучать по _своему_ коту .;у;м;е;о;в;с;APRO;СВОЙ;A - dat sg plen m -;Й;900
;коту;КОТ;S m anim nom sg;;y;скучать по своему _коту_ .;у;т;о;к;;;S;КОТ;S m anim dat sg;Т;901
;.;.;PUNCT;;;;;;;;;;PUNCT;;;;902
;;;;;;;;;;;;;;;;;903
# sent = 1029;;;;;;;;;;;;;;;;;904
# speaker = Мария;;;;;;;;;;;;;;;;;905
# sent = 1030;;;;;;;;;;;;;;;;;906
;Так;ТАК;ADV -;;y;_Так_ , ты только;к;а;т;;;;ADV;ТАК;ADV -;К;907
;,;,;PUNCT;;;;;;;;;;PUNCT;;;;908
;ты;ТЫ;SPRO sg 2p - nom;;y;Так , _ты_ только что посмотрела;ы;т;;;;;SPRO;ТЫ;SPRO sg 2p - nom;Ы;909
;только;ТОЛЬКО;PART;;y;Так , ты _только_ что посмотрела видео;о;к;ь;л;о;т;PART;ТОЛЬКО;PART;О;910
;что;ЧТО;CONJ;;y;, ты только _что_ посмотрела видео .;о;т;ч;;;;CONJ;ЧТО;CONJ;О;911
;посмотрела;ПОСМОТРЕТЬ;V pf praet sg indic f -;;Y;ты только что _посмотрела_ видео .;а;л;е;р;т;о;V;ПОСМОТРЕТЬ;V pf praet sg indic f -;Ь;912
;видео;ВИДЕО;S n inan acc sg;;y;только что посмотрела _видео_ .;о;е;д;и;в;;S;ВИДЕО;S n inan nonflex -;О;913
;.;.;PUNCT;;;;;;;;;;PUNCT;;;;914
;;;;;;;;;;;;;;;;;915
# sent = 1031;;;;;;;;;;;;;;;;;916
# speaker = Алина;;;;;;;;;;;;;;;;;917
# sent = 1032;;;;;;;;;;;;;;;;;918
;Про;ПРО;PR;;y;_Про_ котёнка .;о;р;п;;;;PR;ПРО;PR;О;919
;котёнка;КОТЕНОК;S m anim acc sg;;y;Про _котёнка_ .;а;к;н;ё;т;о;S;КОТЕНОК;S m anim acc sg;К;920
;.;.;PUNCT;;;;;;;;;;PUNCT;;;;921
;;;;;;;;;;;;;;;;;922
# sent = 1033;;;;;;;;;;;;;;;;;923
# speaker = Мария;;;;;;;;;;;;;;;;;924
# sent = 1034;;;;;;;;;;;;;;;;;925
;Про;ПРО;PR;;y;_Про_ котёнка , да;о;р;п;;;;PR;ПРО;PR;О;926
;котёнка;КОТЕНОК;S m anim acc sg;;y;Про _котёнка_ , да .;а;к;н;ё;т;о;S;КОТЕНОК;S m anim acc sg;К;927
;,;,;PUNCT;;;;;;;;;;PUNCT;;;;928
;да;ДА;PART;;y;Про котёнка , _да_ .;а;д;;;;;PART;ДА;PART;А;929
;.;.;PUNCT;;;;;;;;;;PUNCT;;;;930
;;;;;;;;;;;;;;;;;931
# sent = 1035;;;;;;;;;;;;;;;;;932
;Котёнок;КОТЕНОК;S m anim nom sg;;y;. _Котёнок_ застрял лапой ,;к;о;н;ё;т;о;S;КОТЕНОК;S m anim nom sg;К;933
;застрял;ЗАСТРЯТЬ;V pf praet sg indic m -;;y;Котёнок _застрял_ лапой , что;л;я;р;т;с;а;V;ЗАСТРЯТЬ;V pf praet sg indic m -;Ь;934
;лапой;ЛАПА;S f inan ins sg;;y;Котёнок застрял _лапой_ , что было;й;о;п;а;л;;S;ЛАПА;S f inan ins sg;А;935
;,;,;PUNCT;;;;;;;;;;PUNCT;;;;936
;что;ЧТО;CONJ;;y;застрял лапой , _что_ было дальше ?;о;т;ч;;;;CONJ;ЧТО;CONJ;О;937
;было;БЫТЬ;V ipf praet sg indic m -;;y;лапой , что _было_ дальше ?;о;л;ы;б;;;V;БЫТЬ;V ipf praet sg indic n -;Ь;938
;дальше;ДАЛЕКО;ADV -;;y;, что было _дальше_ ?;е;ш;ь;л;а;д;ADV;ДАЛЕКО;ADV comp;О;939
;?;?;PUNCT;;;;;;;;;;PUNCT;;;;940
;;;;;;;;;;;;;;;;;941
# sent = 1036;;;;;;;;;;;;;;;;;942
# speaker = Алина;;;;;;;;;;;;;;;;;943
# sent = 1037;;;;;;;;;;;;;;;;;944
;Котёнок;КОТЕНОК;S m anim nom sg;;y;_Котёнок_ застрял лапой ,;к;о;н;ё;т;о;S;КОТЕНОК;S m anim nom sg;К;945
;застрял;ЗАСТРЯТЬ;V pf praet sg indic m -;;y;Котёнок _застрял_ лапой , причём;л;я;р;т;с;а;V;ЗАСТРЯТЬ;V pf praet sg indic m -;Ь;946
;лапой;ЛАПА;S f inan ins sg;;y;Котёнок застрял _лапой_ , причём я;й;о;п;а;л;;S;ЛАПА;S f inan ins sg;А;947
;,;,;PUNCT;;;;;;;;;;PUNCT;;;;948
;причём;ПРИЧЕМ;CONJ;;y;застрял лапой , _причём_ я не поняла;м;ё;ч;и;р;п;CONJ;ПРИЧЕМ;CONJ;М;949
;я;Я;SPRO sg 1p - nom;;y;лапой , причём _я_ не поняла ,;я;;;;;;SPRO;Я;SPRO sg 1p - nom;Я;950
;не;НЕ;PART;;y;, причём я _не_ поняла , как;е;н;;;;;PART;НЕ;PART;Е;951
;поняла;ПОНЯТЬ;V pf - - inf - -;;y;причём я не _поняла_ , как и;а;л;я;н;о;п;V;ПОНЯТЬ;V pf praet sg indic f -;Ь;952
;,;,;PUNCT;;;;;;;;;;PUNCT;;;;953
;как;КАК;ADVPRO -;;Y;не поняла , _как_ и зачем он;к;а;к;;;;CONJ;КАК;CONJ;К;954
;и;И;CONJ;;y;поняла , как _и_ зачем он застрял;и;;;;;;CONJ;И;CONJ;И;955
;зачем;ЗАЧЕМ;ADV -;;y;, как и _зачем_ он застрял лапой;м;е;ч;а;з;;ADV;ЗАЧЕМ;ADV -;М;956
;он;ОН;SPRO sg 3p m nom;;y;как и зачем _он_ застрял лапой .;н;о;;;;;SPRO;ОН;SPRO sg 3p m nom;Н;957
;застрял;ЗАСТРЯТЬ;V pf praet sg indic m -;;y;и зачем он _застрял_ лапой .;л;я;р;т;с;а;V;ЗАСТРЯТЬ;V pf praet sg indic m -;Ь;958
;лапой;ЛАПА;S f inan ins sg;;y;зачем он застрял _лапой_ .;й;о;п;а;л;;S;ЛАПА;S f inan ins sg;А;959
;.;.;PUNCT;;;;;;;;;;PUNCT;;;;960
;;;;;;;;;;;;;;;;;961
# sent = 1038;;;;;;;;;;;;;;;;;962
;И;И;CONJ;;y;. _И_ где он застрял;и;;;;;;CONJ;И;CONJ;И;963
;где;ГДЕ;ADV -;;y;И _где_ он застрял лапой;е;д;г;;;;ADV;ГДЕ;ADV -;Е;964
;он;ОН;SPRO sg 3p m nom;;y;И где _он_ застрял лапой .;н;о;;;;;SPRO;ОН;SPRO sg 3p m nom;Н;965
;застрял;ЗАСТРЯТЬ;V pf praet sg indic f -;;y;И где он _застрял_ лапой .;л;я;р;т;с;а;V;ЗАСТРЯТЬ;V pf praet sg indic m -;Ь;966
;лапой;ЛАПА;S f inan ins sg;;y;где он застрял _лапой_ .;й;о;п;а;л;;S;ЛАПА;S f inan ins sg;А;967
;.;.;PUNCT;;;;;;;;;;PUNCT;;;;968
;;;;;;;;;;;;;;;;;969
# sent = 1039;;;;;;;;;;;;;;;;;970
# speaker = Алина;;;;;;;;;;;;;;;;;971
# sent = 1040;;;;;;;;;;;;;;;;;972
;Потом;ПОТОМ;ADV -;;y;_Потом_ котёнок убежал ,;м;о;т;о;п;;ADV;ПОТОМ;ADV -;М;973
;котёнок;КОТЕНОК;S m anim nom sg;;y;Потом _котёнок_ убежал , потом;к;о;н;ё;т;о;S;КОТЕНОК;S m anim nom sg;К;974
;убежал;УБЕЖАТЬ;V pf praet pl indic - -;;y;Потом котёнок _убежал_ , потом там;л;а;ж;е;б;у;V;УБЕЖАТЬ;V pf praet sg indic m -;Ь;975
;,;,;PUNCT;;;;;;;;;;PUNCT;;;;976
;потом;ПОТОМ;ADV -;;y;котёнок убежал , _потом_ там была кошка;м;о;т;о;п;;ADV;ПОТОМ;ADV -;М;977
;там;ТАМ;ADV -;;y;убежал , потом _там_ была кошка ,;м;а;т;;;;ADV;ТАМ;ADV -;М;978
;была;БЫТЬ;V ipf praet pl indic - -;;y;, потом там _была_ кошка , две;а;л;ы;б;;;V;БЫТЬ;V ipf praet sg indic f -;Ь;979
;кошка;КОШКА;S f anim nom pl;;y;потом там была _кошка_ , две кошки;а;к;ш;о;к;;S;КОШКА;S f anim nom sg;А;980
;,;,;PUNCT;;;;;;;;;;PUNCT;;;;981
;две;ДВА;NUM nom m inan;;y;была кошка , _две_ кошки или одна;е;в;д;;;;NUM;ДВА;NUM nom f -;А;982
;кошки;КОШКА;S f anim nom sg;;y;кошка , две _кошки_ или одна кошка;и;к;ш;о;к;;S;КОШКА;S f anim gen sg;А;983
;или;ИЛИ;CONJ;;y;, две кошки _или_ одна кошка ,;и;л;и;;;;CONJ;ИЛИ;CONJ;И;984
;одна;ОДИН;ANUM - nom sg plen f -;;y;две кошки или _одна_ кошка , я;а;н;д;о;;;ANUM;ОДИН;A - nom sg plen f -;Н;985
;кошка;КОШКА;S f anim nom pl;;y;кошки или одна _кошка_ , я не;а;к;ш;о;к;;S;КОШКА;S f anim nom sg;А;986
;,;,;PUNCT;;;;;;;;;;PUNCT;;;;987
;я;Я;SPRO sg 1p - nom;;y;одна кошка , _я_ не знаю ,;я;;;;;;SPRO;Я;SPRO sg 1p - nom;Я;988
;не;НЕ;PART;;y;кошка , я _не_ знаю , там;е;н;;;;;PART;НЕ;PART;Е;989
;знаю;ЗНАТЬ;V ipf praes sg indic - 1p;;y;, я не _знаю_ , там были;ю;а;н;з;;;V;ЗНАТЬ;V ipf praes sg indic - 1p;Ь;990
;,;,;PUNCT;;;;;;;;;;PUNCT;;;;991
;там;ТАМ;ADV -;;y;не знаю , _там_ были какие-то странные;м;а;т;;;;ADV;ТАМ;ADV -;М;992
;были;БЫТЬ;V ipf praet sg indic f -;;y;знаю , там _были_ какие-то странные кошки;и;л;ы;б;;;V;БЫТЬ;V ipf praet pl indic - -;Ь;993
;какие-то;КАКОЙ-ТО;APRO - acc sg plen f inan;;Y;, там были _какие-то_ странные кошки .;о;т;-;е;и;к;APRO;КАКОЙ-ТО;A - nom pl plen - -;О;994
;странные;СТРАННЫЙ;A - nom pl plen - -;;y;там были какие-то _странные_ кошки .;е;ы;н;н;а;р;A;СТРАННЫЙ;A - nom pl plen - -;Й;995
;кошки;КОШКА;S f anim nom sg;;y;были какие-то странные _кошки_ .;и;к;ш;о;к;;S;КОШКА;S f anim nom pl;А;996
;.;.;PUNCT;;;;;;;;;;PUNCT;;;;997
;;;;;;;;;;;;;;;;;998
# sent = 1041;;;;;;;;;;;;;;;;;999
;А;А;CONJ;;y;. _А_ потом их покормили;а;;;;;;CONJ;А;CONJ;А;1000
;потом;ПОТОМ;ADV -;;y;А _потом_ их покормили чем;м;о;т;о;п;;ADV;ПОТОМ;ADV -;М;1001
;их;ОНИ;SPRO pl - - acc;;y;А потом _их_ покормили чем то;х;и;;;;;SPRO;ОНИ;SPRO pl - - acc;И;1002
;покормили;ПОКОРМИТЬ;V pf - - inf - -;;y;А потом их _покормили_ чем то мясным;и;л;и;м;р;о;V;ПОКОРМИТЬ;V pf praet pl indic - -;Ь;1003
;чем;ЧЕМ;CONJ;часть (чем-то);!!!;потом их покормили _чем_ то мясным ,;м;е;ч;;;;CONJ;ЧЕМ;CONJ;М;1004
;то;ТО;CONJ;часть (чем-то);!!!;их покормили чем _то_ мясным , они;о;т;;;;;CONJ;ТО;CONJ;О;1005
;мясным;МЯСНОЙ;A - ins sg plen m -;;y;покормили чем то _мясным_ , они кушали;м;ы;н;с;я;м;A;МЯСНОЙ;A - ins sg plen m -;Й;1006
;,;,;PUNCT;;;;;;;;;;PUNCT;;;;1007
;они;ОНИ;SPRO pl - - nom;;y;то мясным , _они_ кушали .;и;н;о;;;;SPRO;ОНИ;SPRO pl - - nom;И;1008
;кушали;КУШАТЬ;V ipf praes sg indic - 3p;;y;мясным , они _кушали_ .;и;л;а;ш;у;к;V;КУШАТЬ;V ipf praet pl indic - -;Ь;1009
;.;.;PUNCT;;;;;;;;;;PUNCT;;;;1010
;;;;;;;;;;;;;;;;;1011
# sent = 1042;;;;;;;;;;;;;;;;;1012
# speaker = Алина;;;;;;;;;;;;;;;;;1013
# sent = 1043;;;;;;;;;;;;;;;;;1014
;Они;ОНИ;SPRO pl - - nom;;y;_Они_ очень милые ,;и;н;о;;;;SPRO;ОНИ;SPRO pl - - nom;И;1015
;очень;ОЧЕНЬ;ADV -;;y;Они _очень_ милые , я;ь;н;е;ч;о;;ADV;ОЧЕНЬ;ADV -;Ь;1016
;милые;МИЛЫЙ;A - nom pl plen - -;;y;Они очень _милые_ , я хочу;е;ы;л;и;м;;A;МИЛЫЙ;A - nom pl plen - -;Й;1017
;,;,;PUNCT;;;;;;;;;;PUNCT;;;;1018
;я;Я;SPRO sg 1p - nom;;y;очень милые , _я_ хочу себе котёнка;я;;;;;;SPRO;Я;SPRO sg 1p - nom;Я;1019
;хочу;ХОТЕТЬ;V ipf praes sg indic - 3p;;y;милые , я _хочу_ себе котёнка .;у;ч;о;х;;;V;ХОТЕТЬ;V ipf praes sg indic - 1p;Ь;1020
;себе;СЕБЯ;SPRO - - - dat;;Y;, я хочу _себе_ котёнка .;е;б;е;с;;;SPRO;СЕБЯ;SPRO - - - dat;Я;1021
;котёнка;КОТЕНОК;S m anim acc sg;;y;я хочу себе _котёнка_ .;а;к;н;ё;т;о;S;КОТЕНОК;S m anim acc sg;К;1022
;.;.;PUNCT;;;;;;;;;;PUNCT;;;;1023
;;;;;;;;;;;;;;;;;1024
# sent = 1044;;;;;;;;;;;;;;;;;1025
# speaker = Мария;;;;;;;;;;;;;;;;;1026
# sent = 1045;;;;;;;;;;;;;;;;;1027
;У;У;PR;;y;_У_ тебя же уже;у;;;;;;PR;У;PR;У;1028
;тебя;ТЫ;SPRO sg 2p - gen;;y;У _тебя_ же уже есть;я;б;е;т;;;SPRO;ТЫ;SPRO sg 2p - acc;Ы;1029
;же;ЖЕ;PART;;y;У тебя _же_ уже есть кот;е;ж;;;;;PART;ЖЕ;PART;Е;1030
;уже;УЖЕ;ADV -;;y;У тебя же _уже_ есть кот !;е;ж;у;;;;ADV;УЖЕ;ADV -;Е;1031
;есть;БЫТЬ;V ipf praet sg indic n -;;y;тебя же уже _есть_ кот !;ь;т;с;е;;;V;БЫТЬ;V ipf praes sg indic - 3p;Ь;1032
;кот;КОТ;S m anim acc sg;;y;же уже есть _кот_ !;т;о;к;;;;S;КОТ;S m anim nom sg;Т;1033
;!;!;PUNCT;;;;;;;;;;PUNCT;;;;1034
;;;;;;;;;;;;;;;;;1035
# sent = 1046;;;;;;;;;;;;;;;;;1036
# speaker = Алина;;;;;;;;;;;;;;;;;1037
# sent = 1047;;;;;;;;;;;;;;;;;1038
;Мой;МОЙ;APRO - nom sg plen m -;;y;_Мой_ кот дома ,;й;о;м;;;;APRO;МОЙ;A - nom sg plen m -;Й;1039
;кот;КОТ;S m anim acc pl;;y;Мой _кот_ дома , в;т;о;к;;;;S;КОТ;S m anim nom sg;Т;1040
;дома;ДОМА;ADV -;;y;Мой кот _дома_ , в общаге;а;м;о;д;;;ADV;ДОМА;ADV -;А;1041
;,;,;PUNCT;;;;;;;;;;PUNCT;;;;1042
;в;В;PR;;y;кот дома , _в_ общаге у меня;в;;;;;;PR;В;PR;В;1043
;общаге;ОБЩАГА;S f inan loc sg;;Y;дома , в _общаге_ у меня нет;е;г;а;щ;б;о;S;ОБЩАГА;S f inan loc sg;А;1044
;у;У;PR;;y;, в общаге _у_ меня нет кота;у;;;;;;PR;У;PR;У;1045
;меня;Я;SPRO sg 1p - dat;;y;в общаге у _меня_ нет кота .;я;н;е;м;;;SPRO;Я;SPRO sg 1p - acc;Я;1046
;нет;НЕТ;PART;;y;общаге у меня _нет_ кота .;т;е;н;;;;ADV;НЕТ;ADV -;Т;1047
;кота;КОТ;S m anim nom sg;;y;у меня нет _кота_ .;а;т;о;к;;;S;КОТ;S m anim gen sg;Т;1048
;.;.;PUNCT;;;;;;;;;;PUNCT;;;;1049
;;;;;;;;;;;;;;;;;1050
# sent = 1048;;;;;;;;;;;;;;;;;1051
# speaker = Мария;;;;;;;;;;;;;;;;;1052
# sent = 1049;;;;;;;;;;;;;;;;;1053
;Скучаешь;СКУЧАТЬ;V ipf - - inf - -;;Y;_Скучаешь_ по нему ,;ь;ш;е;а;ч;у;V;СКУЧАТЬ;V ipf praes sg indic - 2p;Ь;1054
;по;ПО;PR;;y;Скучаешь _по_ нему , да;о;п;;;;;PR;ПО;PR;О;1055
;нему;ОН;SPRO sg 3p m gen;;y;Скучаешь по _нему_ , да ?;у;м;е;н;;;SPRO;ОН;SPRO sg 3p m dat;Н;1056
;,;,;PUNCT;;;;;;;;;;PUNCT;;;;1057
;да;ДА;PART;;y;по нему , _да_ ?;а;д;;;;;PART;ДА;PART;А;1058
;?;?;PUNCT;;;;;;;;;;PUNCT;;;;1059
;;;;;;;;;;;;;;;;;1060
# sent = 1050;;;;;;;;;;;;;;;;;1061
# speaker = Алина;;;;;;;;;;;;;;;;;1062
# sent = 1051;;;;;;;;;;;;;;;;;1063
;Я;Я;SPRO sg 1p - nom;;y;_Я_ хочу себе кота;я;;;;;;SPRO;Я;SPRO sg 1p - nom;Я;1064
;хочу;ХОТЕТЬ;V ipf praes sg indic - 3p;;y;Я _хочу_ себе кота ,;у;ч;о;х;;;V;ХОТЕТЬ;V ipf praes sg indic - 1p;Ь;1065
;себе;СЕБЯ;SPRO - - - dat;;Y;Я хочу _себе_ кота , очень;е;б;е;с;;;SPRO;СЕБЯ;SPRO - - - dat;Я;1066
;кота;КОТ;S m anim nom sg;;y;Я хочу себе _кота_ , очень !;а;т;о;к;;;S;КОТ;S m anim gen sg;Т;1067
;,;,;PUNCT;;;;;;;;;;PUNCT;;;;1068
;очень;ОЧЕНЬ;ADV -;;y;себе кота , _очень_ !;ь;н;е;ч;о;;ADV;ОЧЕНЬ;ADV -;Ь;1069
;!;!;PUNCT;;;;;;;;;;PUNCT;;;;1070
;;;;;;;;;;;;;;;;;1071
# sent = 1052;;;;;;;;;;;;;;;;;1072
# speaker = Мария;;;;;;;;;;;;;;;;;1073
# sent = 1053;;;;;;;;;;;;;;;;;1074
;Я;Я;SPRO sg 1p - nom;;y;_Я_ тоже по своему;я;;;;;;SPRO;Я;SPRO sg 1p - nom;Я;1075
;тоже;ТОЖЕ;PART;;y;Я _тоже_ по своему скучаю;е;ж;о;т;;;PART;ТОЖЕ;PART;Е;1076
;по;ПО;PR;;y;Я тоже _по_ своему скучаю .;о;п;;;;;PR;ПО;PR;О;1077
;своему;СВОЙ;APRO - dat sg plen m -;;y;Я тоже по _своему_ скучаю .;у;м;е;о;в;с;APRO;СВОЙ;A - dat sg plen m -;Й;1078
;скучаю;СКУЧАТЬ;V ipf praes sg indic - 1p;;Y;тоже по своему _скучаю_ .;ю;а;ч;у;к;с;V;СКУЧАТЬ;V ipf praes sg indic - 1p;Ь;1079
;.;.;PUNCT;;;;;;;;;;PUNCT;;;;1080
;;;;;;;;;;;;;;;;;1081
# sent = 1054;;;;;;;;;;;;;;;;;1082
# speaker = Мария;;;;;;;;;;;;;;;;;1083
# sent = 1055;;;;;;;;;;;;;;;;;1084
;Ну;НУ;PART;;y;_Ну_ что , спасибо;у;н;;;;;PART;НУ;PART;У;1085
;что;ЧТО;CONJ;не тот смысл;!!!;Ну _что_ , спасибо !;о;т;ч;;;;CONJ;ЧТО;CONJ;О;1086
;,;,;PUNCT;;;;;;;;;;PUNCT;;;;1087
;спасибо;СПАСИБО;PRAEDIC;;Y;Ну что , _спасибо_ !;о;б;и;с;а;п;PRAEDIC;СПАСИБО;S n inan nonflex -;О;1088
;!;!;PUNCT;;;;;;;;;;PUNCT;;;;1089
;;;;;;;;;;;;;;;;;1090
# sent = 1056;;;;;;;;;;;;;;;;;1091
# speaker = Мария;;;;;;;;;;;;;;;;;1092
# sent = 1057;;;;;;;;;;;;;;;;;1093
;Большое;БОЛЬШОЙ;A - nom sg plen m -;;y;_Большое_ .;е;о;ш;ь;л;о;A;БОЛЬШОЙ;A - nom sg plen n -;Й;1094
;.;.;PUNCT;;;;;;;;;;PUNCT;;;;1095
;;;;;;;;;;;;;;;;;1096
# sent = 1058;;;;;;;;;;;;;;;;;1097
# speaker = Алина;;;;;;;;;;;;;;;;;1098
# sent = 1059;;;;;;;;;;;;;;;;;1099
;Да;ДА;CONJ;;y;_Да_ пожалуйста .;а;д;;;;;CONJ;ДА;CONJ;А;1100
;пожалуйста;ПОЖАЛУЙСТА;PART;;y;Да _пожалуйста_ .;а;т;с;й;у;л;PART;ПОЖАЛУЙСТА;PART;А;1101
;.;.;PUNCT;;;;;;;;;;PUNCT;;;;1102
;;;;;;;;;;;;;;;;;1103
# sent = 1060;;;;;;;;;;;;;;;;;1104
# speaker = Мария;;;;;;;;;;;;;;;;;1105
# sent = 1061;;;;;;;;;;;;;;;;;1106
;Я;Я;SPRO sg 1p - nom;;y;_Я_ тебе потом ещё;я;;;;;;SPRO;Я;SPRO sg 1p - nom;Я;1107
;тебе;ТЫ;SPRO sg 2p - dat;;y;Я _тебе_ потом ещё покажу;е;б;е;т;;;SPRO;ТЫ;SPRO sg 2p - dat;Ы;1108
;потом;ПОТОМ;ADV -;;y;Я тебе _потом_ ещё покажу эти;м;о;т;о;п;;ADV;ПОТОМ;ADV -;М;1109
;ещё;ЕЩЕ;ADV -;;Y;Я тебе потом _ещё_ покажу эти видео;ё;щ;е;;;;ADV;ЕЩЕ;ADV -;Е;1110
;покажу;ПОКАЗАТЬ;V pf fut sg indic - 1p;;y;тебе потом ещё _покажу_ эти видео про;у;ж;а;к;о;п;V;ПОКАЗАТЬ;V pf fut sg indic - 1p;Ь;1111
;эти;ЭТОТ;APRO - acc pl plen - anim;;y;потом ещё покажу _эти_ видео про котиков;и;т;э;;;;APRO;ЭТОТ;A - acc pl plen - inan;Т;1112
;видео;ВИДЕО;S n inan acc sg;;y;ещё покажу эти _видео_ про котиков .;о;е;д;и;в;;S;ВИДЕО;S n inan nonflex -;О;1113
;про;ПРО;PR;;y;покажу эти видео _про_ котиков .;о;р;п;;;;PR;ПРО;PR;О;1114
;котиков;КОТИКОВ;S m anim acc pl;;y;эти видео про _котиков_ .;в;о;к;и;т;о;S;КОТИКОВ;S f inan acc sg;В;1115
;.;.;PUNCT;;;;;;;;;;PUNCT;;;;1116
;;;;;;;;;;;;;;;;;1117
# sent = 1062;;;;;;;;;;;;;;;;;1118
# speaker = Алина;;;;;;;;;;;;;;;;;1119
# sent = 1063;;;;;;;;;;;;;;;;;1120
;Не;НЕ;PART;;y;_Не_ надо мне показывать;е;н;;;;;PART;НЕ;PART;Е;1121
;надо;НАДО;PRAEDIC;;y;Не _надо_ мне показывать видео;о;д;а;н;;;PRAEDIC;НАДО;ADV -;О;1122
;мне;Я;SPRO sg 1p - gen;;y;Не надо _мне_ показывать видео про;е;н;м;;;;SPRO;Я;SPRO sg 1p - dat;Я;1123
;показывать;ПОКАЗЫВАТЬ;V ipf - - inf - -;;y;Не надо мне _показывать_ видео про котиков;ь;т;а;в;ы;з;V;ПОКАЗЫВАТЬ;V ipf - - inf - -;Ь;1124
;видео;ВИДЕО;S n inan acc sg;;y;надо мне показывать _видео_ про котиков -;о;е;д;и;в;;S;ВИДЕО;S n inan nonflex -;О;1125
;про;ПРО;PR;;y;мне показывать видео _про_ котиков - я;о;р;п;;;;PR;ПРО;PR;О;1126
;котиков;КОТИКОВ;S m anim acc pl;;y;показывать видео про _котиков_ - я начинаю;в;о;к;и;т;о;S;КОТИКОВ;S m anim nom sg;В;1127
;-;-;PUNCT;;;;;;;;;;PUNCT;;;;1128
;я;Я;SPRO sg 1p - nom;;y;про котиков - _я_ начинаю скучать по;я;;;;;;SPRO;Я;SPRO sg 1p - nom;Я;1129
;начинаю;НАЧИНАТЬ;V ipf praes sg indic - 1p;;y;котиков - я _начинаю_ скучать по своему;ю;а;н;и;ч;а;V;НАЧИНАТЬ;V ipf praes sg indic - 1p;Ь;1130
;скучать;СКУЧАТЬ;V ipf - - inf - -;часть(future tense);!!!;- я начинаю _скучать_ по своему коту;ь;т;а;ч;у;к;V;СКУЧАТЬ;V ipf - - inf - -;Ь;1131
;по;ПО;PR;;y;я начинаю скучать _по_ своему коту ,;о;п;;;;;PR;ПО;PR;О;1132
;своему;СВОЙ;APRO - dat sg plen m -;;y;начинаю скучать по _своему_ коту , мне;у;м;е;о;в;с;APRO;СВОЙ;A - dat sg plen m -;Й;1133
;коту;КОТ;S m anim nom sg;;y;скучать по своему _коту_ , мне нельзя;у;т;о;к;;;S;КОТ;S m anim dat sg;Т;1134
;,;,;PUNCT;;;;;;;;;;PUNCT;;;;1135
;мне;Я;SPRO sg 1p - dat;;y;своему коту , _мне_ нельзя скучать по;е;н;м;;;;SPRO;Я;SPRO sg 1p - dat;Я;1136
;нельзя;НЕЛЬЗЯ;PRAEDIC;;y;коту , мне _нельзя_ скучать по коту;я;з;ь;л;е;н;PRAEDIC;НЕЛЬЗЯ;ADV -;Я;1137
;скучать;СКУЧАТЬ;V ipf - - inf - -;;Y;, мне нельзя _скучать_ по коту .;ь;т;а;ч;у;к;V;СКУЧАТЬ;V ipf - - inf - -;Ь;1138
;по;ПО;PR;;y;мне нельзя скучать _по_ коту .;о;п;;;;;PR;ПО;PR;О;1139
;коту;КОТ;S m anim nom sg;;y;нельзя скучать по _коту_ .;у;т;о;к;;;S;КОТ;S m anim dat sg;Т;1140
;.;.;PUNCT;;;;;;;;;;PUNCT;;;;1141
# sent = 1064;;;;;;;;;;;;;;;;;
# #;;;;;;;;;;;;;;;;;
# #;;;;;;;;;;;;;;;;;
# #;;;;;;;;;;;;;;;;;
# #;;;;;;;;;;;;;;;;;
# #;;;;;;;;;;;;;;;;;
# #;;;;;;;;;;;;;;;;;
# #;;;;;;;;;;;;;;;;;
# #;;;;;;;;;;;;;;;;;
